https://point.md/ru/novosti/politika/izbiratel-nye-uchastki-v-strane-zakrylis-nachinaetsia-podschet-golosov,–≤—Å—ë. —Å–≤–µ—Ä—à–∏–ª–æ—Å—å —á—É–¥–æ. –∑–∞–∫–æ–Ω—á–∏–ª–∏—Å—å —ç—Ç–∏ —Ñ–µ–π–∫–æ–≤—ã–µ –≤—ã–±–æ—Ä—ã. –≤—ã–±–æ—Ä—ã –±–µ–∑ –≤—ã–±–æ—Ä–∞. –æ–¥–Ω–æ –≤–æ—Ä—å—ë.
https://point.md/ru/novosti/politika/izbiratel-nye-uchastki-v-strane-zakrylis-nachinaetsia-podschet-golosov,–ñ–û–° –°–ê–ù–î–£!!!!!
https://point.md/ru/novosti/politika/izbiratel-nye-uchastki-v-strane-zakrylis-nachinaetsia-podschet-golosov,–æ–Ω–∞ —É–∂–µ –ø—Ä–æ–ª–µ—Ç–µ–ª–∞
https://point.md/ru/novosti/politika/izbiratel-nye-uchastki-v-strane-zakrylis-nachinaetsia-podschet-golosov,–î–∞ –±—É–¥–µ—Ç —Å—Ä–∞—á!)
https://point.md/ru/novosti/politika/izbiratel-nye-uchastki-v-strane-zakrylis-nachinaetsia-podschet-golosov,–ñ–æ—Å –°–∞–Ω–¥—É –ø—Ä–µ–¥–∞—Ç–µ–ª—è –ú–æ–ª–¥–æ–≤—ã!!
https://point.md/ru/novosti/politika/izbiratel-nye-uchastki-v-strane-zakrylis-nachinaetsia-podschet-golosov,–ê –º–æ–∂–µ—Ç –∑–∞–ª–µ—Ç–µ–ª–∞))
https://point.md/ru/novosti/politika/izbiratel-nye-uchastki-v-strane-zakrylis-nachinaetsia-podschet-golosov,:)
https://point.md/ru/novosti/politika/izbiratel-nye-uchastki-v-strane-zakrylis-nachinaetsia-podschet-golosov,–£—Å–∞—Ç—ã–π!
https://point.md/ru/novosti/politika/izbiratel-nye-uchastki-v-strane-zakrylis-nachinaetsia-podschet-golosov,–ñ–æ—Å –°–ê–ù–î–£
https://point.md/ru/novosti/politika/izbiratel-nye-uchastki-v-strane-zakrylis-nachinaetsia-podschet-golosov,–ñ–æ—Å –∫–æ–ª—Ö–æ–∑–Ω–∏—Ü—É!!!
https://point.md/ru/novosti/politika/izbiratel-nye-uchastki-v-strane-zakrylis-nachinaetsia-podschet-golosov,–ë–∏–¥–æ–Ω –ø—Ä–µ–∑–∏–¥–µ–Ω—Ç?:)
https://point.md/ru/novosti/politika/izbiratel-nye-uchastki-v-strane-zakrylis-nachinaetsia-podschet-golosov,–ñ–æ—Å –ö—É–ª–µ–∫!
https://point.md/ru/novosti/politika/izbiratel-nye-uchastki-v-strane-zakrylis-nachinaetsia-podschet-golosov,–ø—Ä–æ—â–∞–π –∏—Ö–∞—Ä—å
https://point.md/ru/novosti/politika/izbiratel-nye-uchastki-v-strane-zakrylis-nachinaetsia-podschet-golosov,"–ø–æ—à–µ–ª, –ø—Ä–æ–≥–æ–ª–æ—Å–æ–≤–∞–ª –∏—Å–ø–æ—Ä—Ç–∏–≤ –±—é–ª–ª–µ—Ç–µ–Ω—å."
https://point.md/ru/novosti/politika/izbiratel-nye-uchastki-v-strane-zakrylis-nachinaetsia-podschet-golosov,–ê –Ω–∞ –ó–∞–ø–∞–¥–µ –ø—Ä–æ–¥–æ–ª–∂–∞—é—Ç—Å—è —Ñ–∞–ª—å–º–∏—Ñ–∏–∫–∞—Ü–∏–∏
https://point.md/ru/novosti/politika/izbiratel-nye-uchastki-v-strane-zakrylis-nachinaetsia-podschet-golosov,Jos culiocu mincinos!
https://point.md/ru/novosti/politika/izbiratel-nye-uchastki-v-strane-zakrylis-nachinaetsia-podschet-golosov,–†–µ–Ω–∞—Ç–æ –∂–≥–∏.. –∂–æ—Å –ö—É–ª—ë–∫ !
https://point.md/ru/novosti/politika/izbiratel-nye-uchastki-v-strane-zakrylis-nachinaetsia-podschet-golosov,–î–æ–¥–æ–Ω!‚úäüèºü§ûüèª
https://point.md/ru/novosti/politika/izbiratel-nye-uchastki-v-strane-zakrylis-nachinaetsia-podschet-golosov,–µ–≥–æ –¥–æ–º —Ç—é—Ä—å–º–∞ :)
https://point.md/ru/novosti/politika/izbiratel-nye-uchastki-v-strane-zakrylis-nachinaetsia-podschet-golosov,"–í—ã–±–∏—Ä–∞–ª–∏ –Ω–æ–≤–æ–≥–æ –ø–∞—Å—Ç—É—Ö–∞, –∫–æ—Ç–æ—Ä—ã–π –±—É–¥–µ—Ç —Å—Ç—Ä–∏—á —Å–ª–µ–¥—É—é—â–∏–µ 4 –≥–æ–¥–∞)))"
https://point.md/ru/novosti/politika/izbiratel-nye-uchastki-v-strane-zakrylis-nachinaetsia-podschet-golosov,—Å–µ–π—á–∞—Å —É–∑–Ω–∞–µ–º –≤—Å—é –ø—Ä–æ–∑—Ä–∞—á–Ω–æ—Å—Ç—å –≤—ã–±–æ—Ä–æ–≤
https://point.md/ru/novosti/politika/izbiratel-nye-uchastki-v-strane-zakrylis-nachinaetsia-podschet-golosov,"–î–æ–¥–æ–Ω –∏ –£—Å–∞—Ç—ã–π –≤—ã–π–¥—É—Ç –≤–æ –≤—Ç–æ—Ä–æ–π —Ç—É—Ä, –≤–æ –±—É–¥–µ—Ç –ø—Ä–∏–∫–æ–ª)))"
https://point.md/ru/novosti/politika/izbiratel-nye-uchastki-v-strane-zakrylis-nachinaetsia-podschet-golosov,–ñ–æ—Å –°–∞–Ω–¥—É!!!!
https://point.md/ru/novosti/politika/izbiratel-nye-uchastki-v-strane-zakrylis-nachinaetsia-podschet-golosov,–£–∂–µ –ª–µ—Ç–∏—Ç –≤ –õ–∏—Ç–≤—É?
https://point.md/ru/novosti/politika/izbiratel-nye-uchastki-v-strane-zakrylis-nachinaetsia-podschet-golosov,–≤ –∫–æ–Ω–¥—Ä–∏—Ü—É –≤—ã—Å–µ–ª—è—Ç—å –∏—Ö–∞—Ä—è
https://point.md/ru/novosti/politika/izbiratel-nye-uchastki-v-strane-zakrylis-nachinaetsia-podschet-golosov,–û—Ö –∏ –≥–æ—Ä—è—Ç —Å–µ–π—á–∞—Å –ø–µ—Ä–¥–∞–∫–∏ —É –ª–∏–±–µ—Ä–æ—Ç—ã!!!! )))))))
https://point.md/ru/novosti/politika/izbiratel-nye-uchastki-v-strane-zakrylis-nachinaetsia-podschet-golosov,Maia Sandu-Victorieüëè
https://point.md/ru/novosti/politika/izbiratel-nye-uchastki-v-strane-zakrylis-nachinaetsia-podschet-golosov,–∂–æ—Å –∫—É–ª—ë–∫
https://point.md/ru/novosti/politika/izbiratel-nye-uchastki-v-strane-zakrylis-nachinaetsia-podschet-golosov,–ò–Ω—Ç–µ—Ä–µ—Å–Ω–æ —Ç–æ —á—Ç–æ –≤—ã–±–æ—Ä—ã –≤—ã–∏–≥—Ä–∞–µ—Ç –î–æ–¥–æ–Ω. –ù–æ –ø—Ä–µ–∑–∏–¥–µ–Ω—Ç–æ–º –±—É–¥–µ—Ç –°–∞–Ω–¥—É
https://point.md/ru/novosti/politika/izbiratel-nye-uchastki-v-strane-zakrylis-nachinaetsia-podschet-golosov,–∫—É–ª—ë–∫ –±–µ–≥–∏.........................
https://point.md/ru/novosti/politika/izbiratel-nye-uchastki-v-strane-zakrylis-nachinaetsia-podschet-golosov,–ï–≥–æ —Ç—É–¥–∞ —Å–≤–∞—Ç–∞—é—Ç —É–∂–µ –ª–µ—Ç 6 –∏ —á–µ—Ç –Ω–µ –≤–∏–¥–Ω–æ –≤–∞—à–µ–π —Ç—é—Ä—å–º—ã)
https://point.md/ru/novosti/politika/izbiratel-nye-uchastki-v-strane-zakrylis-nachinaetsia-podschet-golosov,–Ω–∞ –º–µ—Ç–ª–µ. —Ö–µ—Ö–µ—Ö–µ
https://point.md/ru/novosti/politika/izbiratel-nye-uchastki-v-strane-zakrylis-nachinaetsia-podschet-golosov,–í—Ç–æ—Ä–æ–π —Ç—É—Ä –¥–∞–≤–∞–π —Å—Ä–∞–∑—É....
https://point.md/ru/novosti/politika/izbiratel-nye-uchastki-v-strane-zakrylis-nachinaetsia-podschet-golosov,"–°–æ–º–Ω–∏—Ç–µ–ª—å–Ω–æ, –æ—Å–Ω–æ–≤–Ω–æ–π –∫–æ—Å—Ç—è–∫ —ç–ª–µ–∫—Ç–æ—Ä–∞—Ç–∞ –≤ –†–ú –∑–∞ –ë–∏–¥–æ–Ω–∞ –∏ –°–∞–Ω–¥—É"
https://point.md/ru/novosti/politika/izbiratel-nye-uchastki-v-strane-zakrylis-nachinaetsia-podschet-golosov,"–ë—É–¥–µ—Ç –∑–¥–æ—Ä–æ–≤–æ,–µ—Å–ª–∏ –±–∏–¥–æ–Ω –¥–∞–∂–µ –≤–æ –≤—Ç–æ—Ä–æ–π —Ç—É—Ä –Ω–µ –≤—ã–π–¥–µ—Ç!!! –ê —Ç–æ –æ—Ç—å–µ—Å—Ç —Å–µ–±–µ –µ—â—ë 4—ã–π –ø–æ–¥–±–æ—Ä–æ–¥–æ–∫"
https://point.md/ru/novosti/politika/izbiratel-nye-uchastki-v-strane-zakrylis-nachinaetsia-podschet-golosov,–Ø–≤–∫–∞ –Ω–∞ —Å–∞–π—Ç–µ –ø–æ –ú–æ–ª–¥–æ–≤–µ –µ—â—ë —à—É—Ä—É–µ—Ç.
https://point.md/ru/novosti/politika/izbiratel-nye-uchastki-v-strane-zakrylis-nachinaetsia-podschet-golosov,–ø–ª–∞—Å—Ç–∏–Ω–∫—É —Å–º–µ–Ω–∏...–ø–ª–∞—Ç—è—Ç —Ç–æ–ª—å–∫–æ –∑–∞ –æ–¥–∏–Ω –ø–æ—Å—Ç!
https://point.md/ru/novosti/politika/izbiratel-nye-uchastki-v-strane-zakrylis-nachinaetsia-podschet-golosov,"—è–π—Ü–æ–≥–∞–¥–∞—Ç–µ–ª—å –Ω–µ–º–Ω–æ–∂–∫–æ –≤ –ø–∞–Ω–∏–∫–µ, –Ω–µ –æ–∂–∏–¥–∞–ª —á—Ç–æ –¥–∏–∞—Å–ø–æ—Ä–∞ —Ç–∞–∫ –º–∞—Å–æ–≤–æ –≤—ã–π–¥–µ—Ç –Ω–∞ –≤—ã–±–æ—Ä—ã –∏ —Ç–∞–º —Ç–æ—á–Ω–æ –Ω–æ–ª—å –≥–æ–ª–æ—Å–æ–≤ –∑–∞ –Ω–µ–≥–æ, –≤—Å—é —à–∞—Ö–º–∞—Ç–Ω—É—é –ø–∞—Ä—Ç–∏—é –∏—Å–ø–æ—Ä—Ç–∏–ª–∏."
https://point.md/ru/novosti/politika/izbiratel-nye-uchastki-v-strane-zakrylis-nachinaetsia-podschet-golosov,–≤—ã–π–¥–µ—Ç....—Å–∫–æ—Ä–µ–π –≤—Å–µ–≥–æ —Å –£—Å–∞—Ç—ã–º –±–æ—Ä–æ—Ç—å—Å—è –±—É–¥—É—Ç
https://point.md/ru/novosti/politika/izbiratel-nye-uchastki-v-strane-zakrylis-nachinaetsia-podschet-golosov,"–ö—Ç–æ –∂–µ —Å—Ç–∞–Ω–µ—Ç —Ç–∏—Ç—É–ª—å–Ω—ã–º??? –°–∞–Ω–¥–∞,–ß–∏–Ω–≥–∏—Å—Ö–∞–Ω –ö—É—Ä–∫–∞–Ω–æ–≤–∏—á,–∏–ª–∏ –±–µ–ª—å—Ü–∫–∏–π –≥–æ–ø–Ω–∏–∫? –ê –æ–± —ç—Ç–æ–º –º—ã —É–∑–Ω–∞–µ–º –≤–æ –≤—Ç–æ—Ä–æ–º —Ç—É—Ä–µ..."
https://point.md/ru/novosti/politika/tsik-izbirateli-smogut-progolosovat-posle-21-00-na-uchastkakh-gde-est-ocheredi,–í–±—Ä–æ—Å—ã...
https://point.md/ru/novosti/politika/tsik-izbirateli-smogut-progolosovat-posle-21-00-na-uchastkakh-gde-est-ocheredi,–ö—Ç–æ –∑–∞ –≥—Ä–∞–Ω–∏—Ü–µ–π –¥—É–º–∞–µ—Ç —á—Ç–æ –ø–æ–±–µ–¥–∏—Ç –°–∞–Ω–¥—É –∏ —Å—Ç–∞–Ω–µ—Ç –ª—É—á—à–µ –≤ —Å—Ç—Ä–∞–Ω–µ?–í—ã –æ—à–∏–±–∞–µ—Ç–µ—Å—å —Ç–æ–≤–∞—Ä–∏—â–∏.
https://point.md/ru/novosti/politika/tsik-izbirateli-smogut-progolosovat-posle-21-00-na-uchastkakh-gde-est-ocheredi,"–•–æ—Ä–æ—à–∞—è –Ω–æ–≤–æ—Å—Ç—å, –Ω–∞–≤–µ—Ä–Ω–æ–µ —á—É—Å—Ç—Ç–≤—É—é—Ç —á—Ç–æ –î–æ–¥–æ–Ω –≤ –ø—Ä–æ–ª–µ—Ç–µ –∏ –ø–µ—Ä–µ–æ–±—É–≤–∞—Ç—å—Å—è –ø–æ –Ω–µ–º–Ω–æ–∂–∫—É"
https://point.md/ru/novosti/politika/tsik-izbirateli-smogut-progolosovat-posle-21-00-na-uchastkakh-gde-est-ocheredi,–∞ —É –Ω–∏—Ö —Ç–∞–º –æ—á–µ—Ä–µ–¥–∏
https://point.md/ru/novosti/politika/tsik-izbirateli-smogut-progolosovat-posle-21-00-na-uchastkakh-gde-est-ocheredi,"–°–ø–∞—Å–∏–±–æ –≤–ø–º –∑–∞ –ø–æ–º–æ—â—å –≤ –æ—Ä–≥–∞–Ω–∏–∑–∞—Ü–∏–∏ ""–∫–∞—Ä—É—Å–µ–ª–µ–π"" –∑–∞ –°–∞–Ω–¥—É."
https://point.md/ru/novosti/politika/tsik-izbirateli-smogut-progolosovat-posle-21-00-na-uchastkakh-gde-est-ocheredi,–¢–∞–º–±–æ–≤—Å–∫–∏–π –≤–æ–ª–∫ —Ç–µ–±–µ —Ç–æ–≤–∞—Ä–∏—â.–ù—É –∏ –∫—É–ª–µ–∫ –≤ –ø—Ä–∏–¥–∞—á—É...
https://point.md/ru/novosti/politika/tsik-izbirateli-smogut-progolosovat-posle-21-00-na-uchastkakh-gde-est-ocheredi,- —Ä—É–∫–æ–≤–æ–¥–∏—Ç–µ–ª–µ–π –ú–ò–î–µ–ò –∏ –Ω–µ–∫–æ—Ç–æ—Ä—ã—Ö –ø–æ—Å–ª–æ–≤ –£–í–û–õ–ò–¢–¨ !
https://point.md/ru/novosti/politika/tsik-izbirateli-smogut-progolosovat-posle-21-00-na-uchastkakh-gde-est-ocheredi,"–í –∏—Ö –∑–∞–≥—Ä–∞–Ω–∏—á–Ω—ã—Ö —Å—Ç—Ä–∞–Ω–∞—Ö –∏–º —Å—Ç–∞–Ω–µ—Ç –ª—É—á—à–µ. –ê –Ω–∞ –Ω–∞—Å –∏–º –Ω–∞—Å—Ä–∞—Ç—å - –æ–Ω–∏ –∂–µ —Å—á–∏—Ç–∞—é—Ç –Ω–∞—Å –ª–æ—Ö–∞–º–∏, –∞ –ª–æ—Ö–∏ –º–æ–≥—É—Ç –∂–∏—Ç—å –∏ –≤ —Å–∞–º–æ–π –±–µ–¥–Ω–æ–π —Å—Ç—Ä–∞–Ω–µ –º–∏—Ä–∞"
https://point.md/ru/novosti/politika/tsik-izbirateli-smogut-progolosovat-posle-21-00-na-uchastkakh-gde-est-ocheredi,–ò–≥–∞—Ä—å—å –±–µ–≥–∏ –∑–∞ –±–∏–ª–µ—Ç–æ–º –≤ –†–æ—Å—Ç–æ–≤
https://point.md/ru/novosti/politika/tsik-izbirateli-smogut-progolosovat-posle-21-00-na-uchastkakh-gde-est-ocheredi,"—Ö–æ—Ç—å –º–∞–ª–æ –Ω–æ –µ—Å—Ç—å —à–∞–Ω—Å—ã, –∞ —Å –î–æ–¥–æ–Ω–æ–º –Ω–∏ –µ–¥–∏–Ω–æ–≥–æ, –ù–ò –ï–î–ò–ù–û–ì–û"
https://point.md/ru/novosti/politika/tsik-izbirateli-smogut-progolosovat-posle-21-00-na-uchastkakh-gde-est-ocheredi,–º–æ–∂–µ—Ç –∏ –æ–Ω-–ª–∞–π–Ω –∑–∞–±—Ä–æ–Ω–∏—Ä–æ–≤–∞—Ç—å :)
https://point.md/ru/novosti/politika/tsik-izbirateli-smogut-progolosovat-posle-21-00-na-uchastkakh-gde-est-ocheredi,üëçüëçüëç
https://point.md/ru/novosti/politika/tsik-izbirateli-smogut-progolosovat-posle-21-00-na-uchastkakh-gde-est-ocheredi,–ö–∞–∫ –≥–æ–ª–æ—Å—É–µ–º —Ç–∞–∫ –∏ –∂–∏–≤—ë–º
https://point.md/ru/novosti/politika/tsik-izbirateli-smogut-progolosovat-posle-21-00-na-uchastkakh-gde-est-ocheredi,–ë–µ–∑ –ª–æ—Ö–∞ –∂–∏–∑–Ω—å –ø–ª–æ—Ö–∞-—ç—Ç–æ –ø—Ä–µ–¥–≤—ã–±–æ—Ä–Ω—ã–π –∫–ª–∏—á –∫—É–ª—å–∫–∞
https://point.md/ru/novosti/politika/tsik-izbirateli-smogut-progolosovat-posle-21-00-na-uchastkakh-gde-est-ocheredi,–î–∞ —ç—Ç–æ –Ω–µ–≤–æ–∑–º–æ–∂–Ω–æ –æ—Ä–≥–∞–Ω–∏–∑–æ–≤–∞—Ç—å –≥–æ–ª–æ—Å–æ–≤–∞–Ω–∏–µ –¥–ª—è 1 –º–ª–Ω –∑–∞ —Ä—É–±–µ–∂–æ–º. –ù–∏ –æ–¥–Ω–∞ —Å—Ç—Ä–∞–Ω–∞ –≤ –º–∏—Ä–µ –Ω–∞ —Ç–∞–∫–æ–µ –Ω–µ —Å–ø–æ—Å–æ–±–Ω–∞ –Ω–µ –≥–æ–≤–æ—Ä—è —É–∂–µ –ø—Ä–æ –†–ú
https://point.md/ru/novosti/politika/tsik-izbirateli-smogut-progolosovat-posle-21-00-na-uchastkakh-gde-est-ocheredi,–¶–∏–∫ –∑–Ω–∞–µ—Ç —É–∂–µ —Ä–µ–∑—É–ª—å—Ç–∞—Ç . –¢–æ–≤–∞—Ä–∏—â–∏ –∫—Ä–∞—Å–Ω–æ–ø–µ—Ä—ã–µ –¥–ª—è –≤–∞—Å —Å–∞–º—ã–π –ª—É—á—à–∏–π –¥–µ–Ω—å –∑–∞—Ö–æ–¥–∏–ª –≤—á–µ—Ä–∞
https://point.md/ru/novosti/politika/tsik-izbirateli-smogut-progolosovat-posle-21-00-na-uchastkakh-gde-est-ocheredi,–î–æ–±—Ä—ã–π –≤–µ—á–µ—Ä. –£ –Ω–∞—Å –≤ –≥–æ—Ä–æ–¥–µ –ë—Ä–µ—à–∏–∞ (–ò—Ç–∞–ª–∏—è) –¥–æ —Å–∏—Ö –ø–æ—Ä —Å—Ç–æ—è—Ç –ª—é–¥–∏
https://point.md/ru/novosti/politika/tsik-izbirateli-smogut-progolosovat-posle-21-00-na-uchastkakh-gde-est-ocheredi,"–Ω–µ —Å—Ç—Ä–∞–¥–∞–π—Ç–µ –ø—Ä–æ—à—É. –≠—Ç–∏ –ª—é–¥–∏ —É–µ—Ö–∞–ª–∏ –ó–ê–†–ê–ë–û–¢–ê–¢–¨ —Ç–∞–º, 7–¥–µ –∏—Ö —Ç—Ä—É–¥ —Ü–µ–Ω–∏—Ç—Å—è, –¥–∞–±—ã –ø—Ä–∏—Å–ª–∞—Ç—å –¥–æ–º–æ–π. –û–Ω–∏ —Ö–æ—Ç—è—Ç –∏–∑–º–µ–Ω–µ–Ω–∏–π –¥–æ–º–∞, —á—Ç–æ–±—ã –≤–µ—Ä–Ω—É—Ç—Å—è –∫ —Å–≤–æ–∏–º. –ù–µ –±—Ä–µ–¥–∏—Ç–µ –ø—Ä–æ—à—É –≤–∞—Å, –∞ –æ—Ç–∫—Ä–æ–π—Ç–µ –≥–ª–∞–∑–∞"
https://point.md/ru/novosti/politika/tsik-izbirateli-smogut-progolosovat-posle-21-00-na-uchastkakh-gde-est-ocheredi,"–î–µ–π—Å—Ç–≤–∏—Ç–µ–ª—å–Ω–æ, –∫–∞–∫ –º–æ–∂–Ω–æ –±—ã–ª–æ —Ç–∞–∫ –æ—Ä–≥–∞–Ω–∏–∑–æ–≤–∞—Ç—å –≤—ã–±–æ—Ä—ã, —á—Ç–æ –±—ã –∫–∞–∂–¥—ã–π –∏–Ω–æ—Å—Ç—Ä–∞–Ω–µ—Ü –º–æ–≥ –ø—Ä–æ–≥–æ–ª–æ—Å–æ–≤–∞—Ç—å –ø–æ 2-3-4 —Ä–∞–∑–∞ –Ω–∞ —Ä–∞–∑–Ω—ã—Ö —É—á–∞—Å—Ç–∫–∞—Ö?"
https://point.md/ru/novosti/politika/tsik-izbirateli-smogut-progolosovat-posle-21-00-na-uchastkakh-gde-est-ocheredi,—à–∞—Ö –∏ –º–∞—Ç –ö—É–ª–µ–∫–æ–≤–∏—á—É
https://point.md/ru/novosti/politika/tsik-izbirateli-smogut-progolosovat-posle-21-00-na-uchastkakh-gde-est-ocheredi,–°—á–∏—Ç–∞—é—â–∏–µ –Ω–∞–º –ª–æ—Ö–∞–º–∏ –∏–Ω–æ—Å—Ç—Ä–∞–Ω—Ü—ã –≥–æ–ª–æ—Å—É—é—Ç –∑–∞ –°–∞–Ω–¥—É –∏ –ù—ç—Å—Ç–∞—Å–µ
https://point.md/ru/novosti/politika/tsik-izbirateli-smogut-progolosovat-posle-21-00-na-uchastkakh-gde-est-ocheredi,"–ü–µ—Ä–µ–¥–∞–π –ø—Ä–∏–≤–µ—Ç ,–º—ã –≥–æ—Ä–¥–∏–º—Å—è –ø–∞—Ç—Ä–∏–æ—Ç–∞–º–∏ —Ö–æ—Ç—å –∏ –∑–∞—Å—Ç–∞–≤–∏–ª–∞ –≤–∞—Å –∂–∏–∑–Ω—å –ø–æ–∫–∏–Ω—É—Ç—å —Ä–æ–¥–∏–Ω—É."
https://point.md/ru/novosti/politika/tsik-izbirateli-smogut-progolosovat-posle-21-00-na-uchastkakh-gde-est-ocheredi,–ê —ç—Ç–æ –Ω–∞—Ä—É—à–µ–Ω–∏–µ–º –Ω–µ —Å—á–∏—Ç–∞–µ—Ç—Å—è?–í –†–æ—Å—Å–∏–∏ —Ç–æ–∂–µ –ø—Ä–æ–¥–ª–∏—Ç–µ?
https://point.md/ru/novosti/politika/tsik-izbirateli-smogut-progolosovat-posle-21-00-na-uchastkakh-gde-est-ocheredi,–î–∞ –∏—Ç–∞–∫ –≤ —ç—Ç–æ–π —Å—Ç—Ä–∞–Ω–µ –ø—Ä–µ–∑–∏–¥–µ–Ω—Ç —Å—á–∏—Ç–∞–µ—Ç—Å—è –ø–µ—à–∫–æ–π –≤ —ç—Ç–æ–π —Å—Ç—Ä–∞–Ω–µ –∫–æ—Ä–æ–ª–∏ –ø–∞—Ä–ª–∞–º–µ–Ω—Ç –∏ –ø—Ä–æ–≤–∏—Ç–µ–ª—å—Å—Ç–≤–æ –≤–æ—Ç –æ–Ω–æ –∏ —Ä–µ—à–∞–µ—Ç —á—Ç–æ –≥–¥–µ –∫–æ–≥–¥–∞ –∏ –ø–æ—á–µ–º
https://point.md/ru/novosti/politika/tsik-izbirateli-smogut-progolosovat-posle-21-00-na-uchastkakh-gde-est-ocheredi,"–î–∞ —Ç–∞–º –Ω–µ—Ç –Ω—É–∂–¥—ã, –ø—É—Å—Ç–æ, –Ω–µ—Ç –æ—á–µ—Ä–µ–¥–∏"
https://point.md/ru/novosti/politika/tsik-izbirateli-smogut-progolosovat-posle-21-00-na-uchastkakh-gde-est-ocheredi,"–±—ç–π, –ø–∞—Å –∫—É –¥–æ–≤—Ü—ã , —á–µ –Ω–µ –≤–æ–Ω—è–µ—Ç–µ –ø—Ä–æ —Ç–∏—Ä–∞–Ω–∞ –¥–æ–¥–æ–Ω–∞, –Ω–µ –¥–∞—é—â–µ–≥–æ –≥–æ–ª–æ—Å–æ–≤–∞—Ç—å –¥–∏–∞—Å–ø–æ—Ä–µ? –∑–∞—Ç–∫–Ω—É–ª–∏ —Ä—Ç—ã?"
https://point.md/ru/novosti/politika/tsik-izbirateli-smogut-progolosovat-posle-21-00-na-uchastkakh-gde-est-ocheredi,–∞ –≤ —á–µ–º –∏—Ö –ø–∞—Ç—Ä–∏–æ—Ç–∏–∑–º –∑–∞–∫–ª—é—á–∞–µ—Ç—Å—è?
https://point.md/ru/novosti/politika/tsik-izbirateli-smogut-progolosovat-posle-21-00-na-uchastkakh-gde-est-ocheredi,–¢—ã –æ—à–∏–±–∞–µ—à—å—Å—è –¥—É–º–∞—è —Ç–∞–∫!
https://point.md/ru/novosti/politika/tsik-izbirateli-smogut-progolosovat-posle-21-00-na-uchastkakh-gde-est-ocheredi,"–ù—É —É–µ—Ö–∞–ª–∏ - –∏ –ª–∞–¥–Ω–æ. –ü—É—Å—Ç—å —Ç–∞–º –∂–∏–≤—É—Ç, —Ä–∞–∑ –∏–º —Ç–∞–º –º–∏–ª–µ–µ. –ù–æ –∑–∞—á–µ–º –æ–Ω–∏ –≥–æ–ª–æ—Å—É—é—Ç –Ω–∞ –Ω–∞—à–∏—Ö –≤—ã–±–æ—Ä–∞—Ö –¥–∞ –µ—â–µ –∏ –∑–∞ —Ç–µ—Ö, –∫—Ç–æ –ø–æ—Ç–æ–º —É –Ω–∞—Å –º–∏–ª–ª–∏–∞—Ä–¥—ã –∫—Ä–∞–¥–µ—Ç???"
https://point.md/ru/novosti/politika/tsik-izbirateli-smogut-progolosovat-posle-21-00-na-uchastkakh-gde-est-ocheredi,"–∏ —Ç–∞–∫ –ø–æ–Ω—è—Ç–Ω–æ, —á—Ç–æ –±—É–¥–µ—Ç –≤—Ç–æ—Ä–æ–π —Ç—É—Ä –∏ —Ç–æ–≥–¥–∞ —É–∂–µ –Ω–µ –ø—Ä–æ–¥–ª—è—Ç"
https://point.md/ru/novosti/politika/tsik-izbirateli-smogut-progolosovat-posle-21-00-na-uchastkakh-gde-est-ocheredi,–¥–∞ —ç—Ç–æ —Å–∫–∞–∑–∫–∏
https://point.md/ru/novosti/politika/tsik-izbirateli-smogut-progolosovat-posle-21-00-na-uchastkakh-gde-est-ocheredi,"—ç—Ç–æ –Ω–∞—Ä—É—à–µ–Ω–∏–µ , –ø–æ—Ç–æ–º –ª—é–±–∞—è –∏–∑ —Å—Ç–æ—Ä–æ–Ω —Å–º–æ–∂–µ—Ç –≤—ã–≤–µ—Ä–Ω—É—Ç—å –≤ —Å–≤–æ—é —Å—Ç–æ—Ä–æ–Ω—É!"
https://point.md/ru/novosti/politika/tsik-izbirateli-smogut-progolosovat-posle-21-00-na-uchastkakh-gde-est-ocheredi,- —Ñ–∞–∫—Ç–æ–≤ –Ω–µ—Ç –Ω–∏–∫–∞–∫–∏—Ö !
https://point.md/ru/novosti/politika/tsik-izbirateli-smogut-progolosovat-posle-21-00-na-uchastkakh-gde-est-ocheredi,"–≤ –∞–Ω–≥–ª–∏–π—Å–∫–æ–π –≥–ª—É–±–∏–Ω–∫–µ "" –Ω–æ—Ä—Ö—ç–º–ø—Ç–æ–Ω "" –æ—á–µ—Ä–µ–¥—å –≤ 200 —á–µ–ª–æ–≤–µ–∫....."
https://point.md/ru/novosti/politika/tsik-izbirateli-smogut-progolosovat-posle-21-00-na-uchastkakh-gde-est-ocheredi,"–ê –µ—Å–ª–∏ —É –º–µ–Ω—è –∏–¥—ë—Ç –¥–æ–∂–¥—å, –º–æ–≥—É –ª–∏ –ø–æ–¥–æ–π—Ç–∏ –∑–∞–≤—Ç—Ä–∞ –≤ —É–¥–æ–±–Ω–æ–µ –¥–ª—è —Å–µ–±—è –≤—Ä–µ–º—è?"
https://point.md/ru/novosti/politika/tsik-izbirateli-smogut-progolosovat-posle-21-00-na-uchastkakh-gde-est-ocheredi,"–≤ –∞–Ω–≥–ª–∏–π—Å–∫–æ–π –≥–ª—É–±–∏–Ω–∫–µ "" –Ω–æ—Ä—Ö—ç–º–ø—Ç–æ–Ω "" –æ—á–µ—Ä–µ–¥—å –≤ 200 —á–µ–ª–æ–≤–µ–∫....."
https://point.md/ru/novosti/politika/tsik-izbirateli-smogut-progolosovat-posle-21-00-na-uchastkakh-gde-est-ocheredi,"–°–ø–∞—Å–∏–±–æ —Ä–µ–±—è—Ç–∞, –æ—Ç –¥—É—à–∏"
https://point.md/ru/novosti/politika/tsik-izbirateli-smogut-progolosovat-posle-21-00-na-uchastkakh-gde-est-ocheredi,"–≤ –∞–Ω–≥–ª–∏–π—Å–∫–æ–π –≥–ª—É–±–∏–Ω–∫–µ "" –Ω–æ—Ä—Ö—ç–º–ø—Ç–æ–Ω "" –æ—á–µ—Ä–µ–¥—å –≤ 200 —á–µ–ª–æ–≤–µ–∫....."
https://point.md/ru/novosti/politika/tsik-izbirateli-smogut-progolosovat-posle-21-00-na-uchastkakh-gde-est-ocheredi,–ø–æ–¥—Å—Ç–∞–≤–∞
https://point.md/ru/novosti/politika/tsik-izbirateli-smogut-progolosovat-posle-21-00-na-uchastkakh-gde-est-ocheredi,–û—Ç–ª–∏—á–Ω–æ
https://point.md/ru/novosti/obschestvo/vo-frankfurte-liudi-stoiat-po-10-chasov-v-ocheredi-chtoby-progolosovat,"–õ—é–¥–∏ –∫–æ—Ç–æ—Ä—ã–º –Ω–µ–±–µ–∑—Ä–∞–∑–ª–∏—á–Ω–∞ —Å—Ç—Ä–∞–Ω–∞, —Ö–æ—Ç—è –æ–Ω–∞ –Ω–∏—á–µ–≥–æ –∏–º –Ω–µ –¥–∞—ë—Ç"
https://point.md/ru/novosti/obschestvo/vo-frankfurte-liudi-stoiat-po-10-chasov-v-ocheredi-chtoby-progolosovat,–ü–æ–º–æ–≥–∏—Ç–µ –∏–∑–±–∞–≤–∏—Ç—å –ú–æ–ª–¥–æ–≤—É –æ—Ç –¥–æ–¥–æ–Ω–æ-–∫—Ä–µ–º–ª—ë–≤—Å–∫–∏—Ö –í–æ—Ä–æ–≤!!!
https://point.md/ru/novosti/obschestvo/vo-frankfurte-liudi-stoiat-po-10-chasov-v-ocheredi-chtoby-progolosovat,–¶–∏—Ä–∫)
https://point.md/ru/novosti/obschestvo/vo-frankfurte-liudi-stoiat-po-10-chasov-v-ocheredi-chtoby-progolosovat,"–ï—Å—Ç—å –µ—â–µ —Ü–µ–ª—ã—Ö —Ç—Ä–∏ —á–∞—Å–∞, —á—Ç–æ–±—ã –∫–∞–∂–¥—ã–π –∏–∑ –Ω–∞—Å –æ–±—ä—è—Å–Ω–∏–ª –ø—Ä–æ—Å—Ç—ã–º —è–∑—ã–∫–æ–º, —á—Ç–æ –∫—Ä–∞—Å—Ç—å —É –≥—Ä–∞–∂–¥–∞–Ω —Å–≤–æ–µ–π —Å—Ç—Ä–∞–Ω—ã - –Ω–µ–ø–æ–∑–≤–æ–ª–∏—Ç–µ–ª—å–Ω–æ. –ù–µ –æ—Å—Ç–∞–≤–∞–π—Ç–µ—Å—å –≤ —Å—Ç–æ—Ä–æ–Ω–µ, –≤—ã—Ö–æ–¥–∏—Ç–µ –Ω–∞ –≥–æ–ª–æ—Å–æ–≤–∞–Ω–∏–µ, –Ω–µ –ø–æ–∑–≤–æ–ª—è–π—Ç–µ –Ω–∏–∫–æ–º—É –±–µ–∑–Ω–∞–∫–∞–∑–∞–Ω–Ω–æ –æ—Ä—É–¥–æ–≤–∞—Ç—å –≤ –í–∞—à–µ–º –¥–æ–º–µ."
https://point.md/ru/novosti/obschestvo/vo-frankfurte-liudi-stoiat-po-10-chasov-v-ocheredi-chtoby-progolosovat,–ñ–æ—Å –°–∞–Ω–¥—É!!!!
https://point.md/ru/novosti/obschestvo/vo-frankfurte-liudi-stoiat-po-10-chasov-v-ocheredi-chtoby-progolosovat,–î–æ–¥–æ–Ω –≥–ª–∞–≤–Ω—ã–π –∂–∞–Ω–≥–ª–µ—Ä —è–∏—Ü
https://point.md/ru/novosti/obschestvo/vo-frankfurte-liudi-stoiat-po-10-chasov-v-ocheredi-chtoby-progolosovat,–í–æ–Ω —ç—Ç—É –∫–æ–ª—Ö–æ–∑–Ω–∏—Ü–∞..
https://point.md/ru/novosti/obschestvo/vo-frankfurte-liudi-stoiat-po-10-chasov-v-ocheredi-chtoby-progolosovat,—Ö–æ—Ç—è—Ç –ø—Ä–æ–≥–æ–ª–æ—Å–æ–≤–∞—Ç—å –∑–∞ –î–æ–¥–æ–Ω–∞ :)
https://point.md/ru/novosti/obschestvo/vo-frankfurte-liudi-stoiat-po-10-chasov-v-ocheredi-chtoby-progolosovat,–£–≤–∞–∂–µ–Ω–∏–µ!!!
https://point.md/ru/novosti/obschestvo/vo-frankfurte-liudi-stoiat-po-10-chasov-v-ocheredi-chtoby-progolosovat,"–ü–æ—á–µ–º—É 10, –∞ –Ω–µ 20. –ñ—É—Ç–∏ –Ω—É–∂–Ω–æ –Ω–∞–≥–Ω–∞—Ç—å –∫–∞–∫ –º–æ–∂–Ω–æ –±–æ–ª—å—à–µ!"
https://point.md/ru/novosti/obschestvo/vo-frankfurte-liudi-stoiat-po-10-chasov-v-ocheredi-chtoby-progolosovat,"–í–æ—Ç –∏–º –¥–µ–ª–∞—Ç—å –Ω–µ—á–µ–≥–æ... —Ç—Ä–∞–¥–∏—Ü–∏—è, –¥–∞–π –º–∞–ª–¥–∞–≤–∞–Ω—É –≥–æ–ª–æ—Å–æ–≤–∞—Ç—å –∏ –≤—Å—ë, —Ö–ª–µ–±–æ–º –Ω–µ –∫–æ—Ä–º–∏!"
https://point.md/ru/novosti/obschestvo/vo-frankfurte-liudi-stoiat-po-10-chasov-v-ocheredi-chtoby-progolosovat,–°–∞–Ω–¥—É –≥–æ—Å—Å–¥–µ–ø–æ–≤—Å–∫–∞—è –ø–æ–¥—Å—Ç–∏–ª–∫–∞ ..
https://point.md/ru/novosti/obschestvo/vo-frankfurte-liudi-stoiat-po-10-chasov-v-ocheredi-chtoby-progolosovat,–±–µ–∑ –æ—á–µ—Ä–µ–¥–µ–π –∂–∏—Ç—å –Ω–µ –º–æ–≥—É—Ç
https://point.md/ru/novosti/obschestvo/vo-frankfurte-liudi-stoiat-po-10-chasov-v-ocheredi-chtoby-progolosovat,–ñ–æ—Å –°–∞–Ω–¥—É!
https://point.md/ru/novosti/obschestvo/vo-frankfurte-liudi-stoiat-po-10-chasov-v-ocheredi-chtoby-progolosovat,"–î—É—Ä–∏–∫–∏, —É –º–µ–Ω—è —Ç—É—Ç –≤ –ö–∏—à–∏–Ω–µ–≤–µ —É—á–∞—Å—Ç–æ–∫ –ø–æ–¥ –±–æ–∫–æ–º. –ò —è –Ω–µ –∏–¥—É –≥–æ–ª–æ—Å–æ–≤–∞—Ç—å, –º–Ω–µ –≤–æ –§—Ä–∞–Ω–∫—Ñ—É—Ä—Ç –Ω–∞ —Ä–∞–±–æ—Ç—É –ª–µ—Ç–µ—Ç—å –Ω–µ –Ω–∞–¥–æ, —è —Ç–∞–º —Ç–æ–ª—å–∫–æ –Ω–∞ –Ω–∞ –ø—Ä–æ–º–µ–∂—É—Ç–æ—á–Ω—ã–µ —Ä–µ–π—Å—ã –∞—ç—Ä–æ–ø—Ä—Ç—É –ø–µ—Ä–µ—Å–∞–∂–∏–≤–∞–ª—Å—è –∫–æ–≥–¥–∞-—Ç–æ. :)"
https://point.md/ru/novosti/obschestvo/vo-frankfurte-liudi-stoiat-po-10-chasov-v-ocheredi-chtoby-progolosovat,–ù–µ –Ω–∞–¥–æ—Ä–≤–∏—Å—å...–º–æ–∂ –ø–∏–≤–∫—É!!
https://point.md/ru/novosti/obschestvo/vo-frankfurte-liudi-stoiat-po-10-chasov-v-ocheredi-chtoby-progolosovat,–∑–∞ 50 –µ–≤—Ä–æ –æ–Ω–∏ –º–æ–≥—É—Ç –∏ –¥–≤–æ–µ —Å—É—Ç–æ–∫ –≤ –æ—á–µ—Ä–µ–¥–∏ —Å—Ç–æ—è—Ç—å :)
https://point.md/ru/novosti/obschestvo/vo-frankfurte-liudi-stoiat-po-10-chasov-v-ocheredi-chtoby-progolosovat,–¢—É–ø–∏—Ü—ã
https://point.md/ru/novosti/obschestvo/vo-frankfurte-liudi-stoiat-po-10-chasov-v-ocheredi-chtoby-progolosovat,"–∞ –≤—ã –¥—É–º–∞–µ—Ç–µ,—á—Ç–æ –ú–∞–π–∫–∞ –≤–æ—Ä–æ–≤–∞—Ç—å –Ω–µ –±—É–¥–µ—Ç –∏ –ø–æ–¥–Ω–∏–º–µ—Ç –ú–î —Å –∫–æ–ª–µ–Ω?"
https://point.md/ru/novosti/obschestvo/vo-frankfurte-liudi-stoiat-po-10-chasov-v-ocheredi-chtoby-progolosovat,"–°–ø–∞—Å–∏–±–æ –≤–∞–º "" –¥–∏–∞—Å–ø–æ—Ä–∞"" –∑–∞ –∂–∏–∑–Ω—å ,–∫–æ—Ç–æ—Ä—É—é –≤—ã –Ω–∞–º —Ä–µ—à–∞–µ—Ç–µ."
https://point.md/ru/novosti/obschestvo/vo-frankfurte-liudi-stoiat-po-10-chasov-v-ocheredi-chtoby-progolosovat,"–≠—Ç–∏ –¥—É—Ä–∏–∫–∏ —Ç–∞–∫ –∏ –±—É–¥—É—Ç –≤–æ –§—Ä–∞–Ω–∫—Ñ—É—Ä—Ç–µ —Å—Ç–æ—è—Ç—å –≤ –æ—á–µ—Ä–µ–¥–∏ –Ω–∞ –≥–æ–ª–æ—Å–æ–≤–∞–Ω–∏–µ –µ—â–µ 30 –ª–µ—Ç, –Ω–æ —Ç–∞–∫ –∏ –Ω–µ –≤–µ—Ä–Ω—É—Ç—Å—è –∂–∏—Ç—å –≤ –ú–æ–ª–¥–æ–≤—É...."
https://point.md/ru/novosti/obschestvo/vo-frankfurte-liudi-stoiat-po-10-chasov-v-ocheredi-chtoby-progolosovat,–ù–µ—Ç—É —É –í–∞—Å –Ω–∏—á–µ–≥–æ-–º—ã –±—ã–¥–ª–æ....–Ω–µ –≤–µ—Ä–∏—Ç–µ?30 –ª–µ—Ç –Ω–∞—Å—Ç—É–ø–∞–µ–º –Ω–∞ —Ç–µ –∂–µ –≥—Ä–∞–±–ª–∏...–≠—Ç–æ —Ä–æ—Ç–∞—Ü–∏—è –∫–∞–¥—Ä–æ–≤-–æ–¥–Ω–∏ –∏ —Ç–µ –∂–µ —Ä—ã–ª–∞-–æ–¥–Ω–∏ –∏ —Ç–µ—Ö –∂–µ –∫—É–º—ç—Ç—Ä–µ–π!
https://point.md/ru/novosti/obschestvo/vo-frankfurte-liudi-stoiat-po-10-chasov-v-ocheredi-chtoby-progolosovat,–Ω–µ–ª—å–∑—è –ø–æ–∑–≤–æ–∏–ª—Ç—å –≥–æ–ª–æ—Å–æ–≤–∞—Ç—å –ø–æ—Å–ª–µ –∑–∞–∫—Ä—ã—Ç–∏—è!
https://point.md/ru/novosti/obschestvo/vo-frankfurte-liudi-stoiat-po-10-chasov-v-ocheredi-chtoby-progolosovat,–ê —è –±—É–¥—É –ª–µ—Ç–∞—Ç—å –∏–∑ –ú–æ–ª–¥–æ–≤—ã —á–µ—Ä–µ–∑ –§—Ä–∞–Ω–∫—Ñ—É—Ä—Ç –≤ –ñ–µ–Ω–µ–≤—É. :)
https://point.md/ru/novosti/obschestvo/vo-frankfurte-liudi-stoiat-po-10-chasov-v-ocheredi-chtoby-progolosovat,–ú–æ–ª–æ–¥—Ü—ã. –ì–æ–ª–æ—Å—É–π—Ç–µ –ø—Ä–æ—Ç–∏–≤ –ö—É–ª—å–∫–∞!!!
https://point.md/ru/novosti/obschestvo/vo-frankfurte-liudi-stoiat-po-10-chasov-v-ocheredi-chtoby-progolosovat,–æ—á–µ–Ω—å —Ü–µ–Ω–Ω–∞—è –∏–Ω—Ñ–æ—Ä–º–∞—Ü–∏—è
https://point.md/ru/novosti/obschestvo/vo-frankfurte-liudi-stoiat-po-10-chasov-v-ocheredi-chtoby-progolosovat,- –Ω–µ—É–≤–∞–∂–µ–Ω–∏–µ –∏–º !
https://point.md/ru/novosti/obschestvo/vo-frankfurte-liudi-stoiat-po-10-chasov-v-ocheredi-chtoby-progolosovat,–ñ–æ—Å –°–∞–Ω–¥—É!!!!
https://point.md/ru/novosti/obschestvo/vo-frankfurte-liudi-stoiat-po-10-chasov-v-ocheredi-chtoby-progolosovat,Poate or anihila votul transnistrenilor!
https://point.md/ru/novosti/obschestvo/vo-frankfurte-liudi-stoiat-po-10-chasov-v-ocheredi-chtoby-progolosovat,"–°–∏–Ω–¥—Ä–æ–º –æ—Ç—â–∏–ø–µ–Ω—Ü–µ–≤, —Ç–∞–º –Ω–∞ —á—É–∂–±–∏–Ω–µ –Ω–∏–∫–æ–º—É –Ω–µ –Ω—É–∂–Ω—ã, —Ö–æ—Ç—è—Ç —Ö–æ—Ç—å –∫–∞–∫ —Ç–æ —á—É–≤—Å—Ç–≤–æ–≤–∞—Ç—å —á—Ç–æ —á—Ç–æ —Ç–æ —Ä–µ—à–∞—é—Ç((("
https://point.md/ru/novosti/obschestvo/vo-frankfurte-liudi-stoiat-po-10-chasov-v-ocheredi-chtoby-progolosovat,–ñ–æ—Å –∫—É–ª–µ–∫—ã—á
https://point.md/ru/novosti/obschestvo/vo-frankfurte-liudi-stoiat-po-10-chasov-v-ocheredi-chtoby-progolosovat,–ù–ï–•–ï–† –°–ü–ê–¢–¨ –î–û –û–ë–ï–î–ê –ê –ü–û–¢–û–ú –ì–û–õ–û–°–û–í–ê–¢–¨
https://point.md/ru/novosti/obschestvo/vo-frankfurte-liudi-stoiat-po-10-chasov-v-ocheredi-chtoby-progolosovat,–≤–∞—à—É –º–µ–¥—å ! —Ö–æ—á—É –≤–∏–¥–µ—Ç—å —Ö–æ—Ç—å –æ–¥–Ω–æ–≥–æ –Ω–µ–º—Ü–∞ –∫–æ—Ç–æ—Ä—ã–π –≤ –ö–∏—à–∏–Ω–µ–≤–µ –≥–æ–ª–æ—Å—É–µ—Ç –∑–∞ –ú–µ—Ä–∫–µ–ª—å –≤ –ø–æ—Å–æ–ª—å—Å—Ç–≤–µ –ì–µ—Ä–º–∞–Ω–∏–∏ ))
https://point.md/ru/novosti/obschestvo/vo-frankfurte-liudi-stoiat-po-10-chasov-v-ocheredi-chtoby-progolosovat,–î–æ–º–∞ –Ω–∞–¥–æ –≥–æ–ª–æ—Å–æ–≤–∞—Ç—å
https://point.md/ru/novosti/obschestvo/vo-frankfurte-liudi-stoiat-po-10-chasov-v-ocheredi-chtoby-progolosovat,–æ–Ω–∏ –ø—Ä–æ—Ç–∏–≤ –°–∞–Ω–¥—É –≥–æ–ª–æ—Å—É—é—Ç - —ç—Ç–∞ –º–∞–¥–∞–º –¥–∞–∂–µ –Ω–µ —Å–º–æ–≥–ª–∞ –Ω–æ—Ä–º–∞–ª—å–Ω–æ –∏–º —É—Ä–Ω—ã –ø–æ—Å—Ç–∞–≤–∏—Ç—å –¥–ª—è –≥–æ–ª–æ—Å–æ–≤–∞–Ω–∏—è...–∞ –≤–æ—Ç –≤ –†–æ—Å—Å–∏–∏ –≤—Å–µ –æ–∫ - –æ—á–µ—Ä–µ–¥–µ–π –Ω–µ—Ç—É...
https://point.md/ru/novosti/obschestvo/vo-frankfurte-liudi-stoiat-po-10-chasov-v-ocheredi-chtoby-progolosovat,"Pidarazhii de la cec asa si nu s-o invatat sa organizeze alegeri in diaspora, sau cel mai probabil fac intentionat bataie de joc"
https://point.md/ru/novosti/obschestvo/vo-frankfurte-liudi-stoiat-po-10-chasov-v-ocheredi-chtoby-progolosovat,"–¢–æ–ª–∫—É —Å –∏—Ö –≥–æ–ª–æ–≤–∞–Ω–∏—è –Ω–∏–∫–∞–∫–æ–≥–æ, —Ç–æ–ª—å–∫–æ –ø–æ—Ç—Ä–∞—Ç–∏–ª–∏ —Å–≤–æ–µ –≤—Ä–µ–º—è –∏ –¥–µ–Ω—å–≥–∏ –Ω–∞ –¥–æ—Ä–æ–≥—É."
https://point.md/ru/novosti/obschestvo/vo-frankfurte-liudi-stoiat-po-10-chasov-v-ocheredi-chtoby-progolosovat,-–ü–û–ß–ï–ú–£ –ù–ï–¢ ???
https://point.md/ru/novosti/obschestvo/vo-frankfurte-liudi-stoiat-po-10-chasov-v-ocheredi-chtoby-progolosovat,—Ç–∞–∫ —á—Ç–æ –Ω–∞ —ç—Ç–æ–π –Ω–æ–≤–æ—Å—Ç–∏ —Å—Ä–∞–∑—É –≤–∏–¥–Ω–æ –∫—Ç–æ –∫–∞–∫ –æ—Ç–Ω–æ—Å–∏—Ç—Å—è –∫ —Å–≤–æ–∏–º –∏–∑–±–∏—Ä–∞—Ç–µ–ª—è–º... –ø–æ–∫–∞ –ª–∏–¥–∏—Ä—É–µ—Ç –î–æ–¥–æ–Ω...–æ–Ω —Å–≤–æ–∏–º –¥–∞–∂–µ —Ç—Ä–∞–Ω—Å–ø–æ—Ä—Ç –ø—Ä–µ–¥–æ—Å—Ç–∞–≤–∏–ª...
https://point.md/ru/novosti/obschestvo/vo-frankfurte-liudi-stoiat-po-10-chasov-v-ocheredi-chtoby-progolosovat,"–ø–æ—Ç–æ–º—É, —á—Ç–æ –î–æ–¥–æ–Ω —Å–≤–æ–∏—Ö –∏–∑–±–∏—Ä–∞—Ç–µ–ª–µ–π —Ü–µ–Ω–∏—Ç –∏ —É–≤–∞–∂–∞–µ—Ç –≤ –æ—Ç–ª–∏—á–∏–∏ –æ—Ç –ù–∞—Å—Ç–∞—Å–µ —Å –°–∞–Ω–¥—É..."
https://point.md/ru/novosti/politika/nestase-trebuet-otstavki-glav-midei-i-tsik,"–ù–∞—Å—Ç–∞—Å–µ, —Ç—ã –µ—Å—Ç—å –ø–æ–∑–æ—Ä –Ω–∞—Ä–æ–¥–∞ –ú–û–õ–î–û–í–´, –∑–≥–∏–Ω—å!"
https://point.md/ru/novosti/politika/nestase-trebuet-otstavki-glav-midei-i-tsik,"—á—É–≤–∞–∫ –≤ –ü–ú–† –≤–æ–æ–±—â–µ –Ω–∏–∫—Ç–æ —É—á–∞—Å—Ç–∫–∏ –Ω–µ –æ—Ç–∫—Ä—ã–ª, –∞ —Ç—ã –º–æ–ª—á–∏—à—å - —á—Ç–æ –∑–∞ –¥–≤–æ–π–Ω—ã–µ —Å—Ç–∞–Ω–¥–∞—Ä—Ç—ã? –∏–ª–∏ —Ç—ã —Å—á–∏—Ç–∞–µ—à—å —á—Ç–æ –ø—Ä–∏–¥–Ω–µ—Å—Ç—Ä–æ–≤—Ü—ã –≤–æ–æ–±—â–µ –Ω–µ –¥–æ–ª–∂–Ω—ã –Ω–∞ –≤—ã–±–æ—Ä—ã —Ö–æ–¥–∏—Ç—å?"
https://point.md/ru/novosti/politika/nestase-trebuet-otstavki-glav-midei-i-tsik,–ê —á—Ç–æ –≤–ª–∞—Å—Ç–∏ –ü–ú–† —Ä–∞–∑—Ä–µ—à–∞—é—Ç —É —Å–µ–±—è –Ω–∞ —Ç–µ—Ä—Ä–∏—Ç–æ—Ä–∏–∏ –æ—Ç–∫—Ä—ã–≤–∞—Ç—å —É—á–∞—Å—Ç–∫–∏?
https://point.md/ru/novosti/politika/nestase-trebuet-otstavki-glav-midei-i-tsik,"–ù–∞—Ä–æ–¥ —Ç—Ä–µ–±—É–µ—Ç, —á—Ç–æ–± —ç—Ç–æ–≥–æ –ø–∞—Ü–∏–µ–Ω—Ç–∞ –∫–æ—Å—Ç—é–∂–µ–Ω –∑–∞–∫—Ä—ã–ª–∏ –¥–ª—è –ª–µ—á–µ–Ω–∏—è!"
https://point.md/ru/novosti/politika/nestase-trebuet-otstavki-glav-midei-i-tsik,"–∏–ª–∏ –¥–ª—è –ù–∞—Å—Ç–∞—Å–µ –∑–∞–ø–∞–¥–Ω–∞—è –ï–≤—Ä–æ–ø–∞ –±–ª–∏–∂–µ, —á–µ–º –¢–∏—Ä–∞—Å–ø–æ–ª—å –∏ –ë–µ–Ω–¥–µ—Ä—ã?"
https://point.md/ru/novosti/politika/nestase-trebuet-otstavki-glav-midei-i-tsik,–Ω–∞—Å—Ç—è 3 %
https://point.md/ru/novosti/politika/nestase-trebuet-otstavki-glav-midei-i-tsik,—Ç–∞–∫ –æ–Ω –¥–∞–∂–µ –Ω–µ –≤–æ–∑–º—É—â–∞–µ—Ç—Å—è –æ–± —ç—Ç–æ–º )) –µ–º—É –ø—Ä–æ—Å—Ç–æ –ø–ª–µ–≤–∞—Ç—å ) –æ–Ω –ø—Ä–æ –ï–≤—Ä–æ–ø—É –ø–µ—Ä–µ–∂–∏–≤–∞–µ—Ç )
https://point.md/ru/novosti/politika/nestase-trebuet-otstavki-glav-midei-i-tsik,–ö—Ä–∞—Å–Ω–æ—Å–µ–ª—å—Å–∫–∏–π –Ω–µ –æ–¥–Ω–æ–∫—Ä–∞—Ç–Ω–æ –æ—Ñ–∏—Ü–∏–∞–ª—å–Ω–æ –∑–∞—è–≤–ª—è–ª —á—Ç–æ –µ–≥–æ –Ω–µ –∏–Ω—Ç–µ—Ä–µ—Å—É—é—Ç –≤—ã–±–æ—Ä—ã –≤ —Å–æ—Å–µ–¥–Ω–µ–º –≥–æ—Å—É–¥–∞—Ä—Å—Ç–≤–µ –ø–æ–¥ –Ω–∞–∑–≤–∞–Ω–∏–µ–º –ú–æ–ª–¥–æ–≤–∞
https://point.md/ru/novosti/politika/nestase-trebuet-otstavki-glav-midei-i-tsik,–ù–µ —Ç—Ä–∞—Ç—å—Ç–µ –≤—Ä–µ–º—è –Ω–∞ —Å–∞–º–æ—É–≤–µ—Ä–µ–Ω—ã—Ö –¥—É—Ä–∞–∫–æ–≤
https://point.md/ru/novosti/politika/nestase-trebuet-otstavki-glav-midei-i-tsik,"–Ω–∏ –æ–¥–∏–Ω –∏–∑ –º–æ–ª–¥–∞–≤—Å–∫–∏—Ö –ø–æ–ª–∏—Ç–∏–∫–æ–≤ –Ω–∏ —Å–ª–æ–≤–∞ –Ω–µ —Å–∫–∞–∑–∞–ª –æ —Ç–æ–º, —á—Ç–æ –≤ –ü–ú–† –ª—é–¥—è–º –Ω–µ –¥–∞—é—Ç –≥–æ–ª–æ—Å–æ–≤–∞—Ç—å... –Ω–∞–æ–±–æ—Ä–æ—Ç - –≤—ã—Å—Ç–∞–≤–ª—è—é—Ç –º–∞—à–∏–Ω—ã –¥–∞–±—ã –Ω–µ –¥–∞—Ç—å –∏–º –≥–æ–ª–æ—Å–æ–≤–∞—Ç—å —Ö–æ—Ç—è –±—ã –Ω–∞ –≥—Ä–∞–Ω–∏—Ü–µ... —Ñ–∞—Ä–∏—Å–µ–∏...."
https://point.md/ru/novosti/politika/nestase-trebuet-otstavki-glav-midei-i-tsik,"–¢–∞–∫ –≤—ã—Å–æ—Å–∏ –∏–∑ –º–æ–µ–≥–æ —à–ª–∞–Ω–≥–∞ –≤–µ—Å—å –∫–∏—Å–ª–æ—Ä–æ–¥, —á—Ç–æ–± —è —É—Ç–æ–Ω—É–ª!)"
https://point.md/ru/novosti/politika/nestase-trebuet-otstavki-glav-midei-i-tsik,–ü—Ä–æ—Å—Ç–æ –ü–ú–† –Ω–µ –¥–∞–µ—Ç —Ä–∞–∑—Ä–µ—à–µ–Ω–∏—è –æ—Ç–∫—Ä—ã–≤–∞—Ç—å —É —Å–µ–±—è –Ω–∞ —Ç–µ—Ä—Ä–∏—Ç–æ—Ä–∏–∏ –∑–∞ –∏—Å–∫–ª—é—á–µ–Ω–∏–µ–º —É—á–∞—Å—Ç–∫–æ–≤ –ø–æ –≤—ã–±–æ—Ä–∞–º –≤ –†–§
https://point.md/ru/novosti/politika/nestase-trebuet-otstavki-glav-midei-i-tsik,"–ü—Ä–∞–≤–∏–ª—å–Ω–æ, –∑–∞ –≥—Ä–∞–Ω–∏—Ü–µ–π –¥–æ–ª–∂–Ω–æ –≥–æ–ª–æ—Å–æ–≤–∞—Ç—å –±–æ–ª—å—à–µ –≥—Ä–∞–∂–¥–∞–Ω —á–µ–º –≤ –ú–æ–ª–¥–æ–≤–µ, —É –Ω–∏—Ö –¥–æ–ª–∂–Ω—ã –±—ã—Ç—å –ª—É—á—à–µ —É—Å–ª–æ–≤–∏—è –∂–∏–∑–Ω–∏, –æ–Ω–∏ –¥–æ–ª–∂–Ω—ã –æ–ø—Ä–µ–¥–µ–ª—è—Ç—å –±—É–¥—É—â–µ–µ —Ç–µ—Ö, –∫—Ç–æ –æ—Å—Ç–∞–ª—Å—è –¥–æ–∂–∏–≤–∞—Ç—å –≤ –ú–æ–ª–¥–æ–≤–µ –∏ –µ—â–µ –Ω–µ —É–µ—Ö–∞–ª –∂–∏—Ç—å –≤ –ï–≤—Ä–æ–ø—É."
https://point.md/ru/novosti/politika/nestase-trebuet-otstavki-glav-midei-i-tsik,–°–º–æ—Ç—Ä–∏ –Ω–µ –∑–∞—Ö–ª–µ–±–Ω–∏—Å—å –õ–∏–∑—É —Å—Ü–∞–Ω–¥–æ–≤—Å–∫–∏–π
https://point.md/ru/novosti/politika/nestase-trebuet-otstavki-glav-midei-i-tsik,"–í—Å–µ—Ö –Ω–∞ —É–ª–∏—Ü—É, –æ–Ω–∏ –≤—Å–µ –∫—É–ª–µ—á–Ω—ã–µ"
https://point.md/ru/novosti/politika/nestase-trebuet-otstavki-glav-midei-i-tsik,–®—Ç–∞–Ω—ã —É—Å–ø–µ–ª –ø—Ä–æ—Å—É—à–∏—Ç—å –ø–æ—Å–ª–µ –≥–æ–ª–æ—Å–æ–≤–∞–Ω–∏—è?)))
https://point.md/ru/novosti/politika/nestase-trebuet-otstavki-glav-midei-i-tsik,"–Ω–∞—Å—Ü—è, —É —Ç–µ–±—è –ø–º—Å???"
https://point.md/ru/novosti/politika/nestase-trebuet-otstavki-glav-midei-i-tsik,"–ø–æ–º–Ω—é –Ω–∞ –≤—ã–±–æ—Ä–∞—Ö –≤ –ú–æ—Å–∫–≤–µ, –Ω–µ –æ—Ç–∫—Ä—ã–ª–∏ –¥–∞–∂–µ —É—á–∞—Å—Ç–∫–æ–≤,3 —á—Ç–æ-–ª–∏?"
https://point.md/ru/novosti/politika/nestase-trebuet-otstavki-glav-midei-i-tsik,"–ß—Ç–æ-—Ç–æ —Ç—ã –º–æ–ª—á–∞–ª, –∫–æ–≥–¥–∞ –≤ –†–æ—Å—Å–∏–∏ —Ç–∞–∫ –∂–µ –±—ã–ª–æ!"
https://point.md/ru/novosti/politika/nestase-trebuet-otstavki-glav-midei-i-tsik,–Ø —Ç—Ä–µ–±—É—é –æ—Ç—Å—Ç–∞–≤–∫–∏ –ù—ç—Å—Ç–∞—Å–µ!
https://point.md/ru/novosti/politika/nestase-trebuet-otstavki-glav-midei-i-tsik,–û–Ω —Ç—Ä–µ–±—É–µ—Ç ))) –ï—â—ë –Ω–µ —Å—Ç–∞–ª –ø—Ä–µ–∑–∏–¥–µ–Ω—Ç–æ–º –∞ —É–∂–µ —Ç—Ä–µ–±—É–µ—Ç.
https://point.md/ru/novosti/politika/nestase-trebuet-otstavki-glav-midei-i-tsik,"–ú–¥–∞, —Ç—ã –Ω–µ –≥–ª—É–ø—ã–π —á—É–≤–∞–∫, –µ–¥–∏–Ω—Å—Ç–≤–µ–Ω–Ω–æ–µ, —á—Ç–æ —Ç–æ–ø–∏–ª –∑–∞ –ü–ª–∞—Ö–æ—Ç–Ω—é–∫–∞ –∏–Ω–æ–≥–¥–∞, –ü–ª–∞—Ö–æ—Ç–Ω—é–∫ –ø–æ —Ö–æ–¥—É –≥–ª—É–ø—ã–π, –ø–æ—Å—Ç–∞–≤–∏–ª –Ω–µ –Ω–∞ —Ç–µ —Ä—É—Å–æ—Ñ–æ–±—Å–∫—É—é –ª–æ—à–∞–¥–∫—É... –í —ç—Ç–æ–º –µ–≥–æ –æ—à–∏–±–∫–∞ –±—ã–ª–∞."
https://point.md/ru/novosti/politika/nestase-trebuet-otstavki-glav-midei-i-tsik,–î–∞ –æ–Ω –∫–∞–∫ –±—ã –∏ —Ç–∞–∫ –Ω–∏–∫—Ç–æ.
https://point.md/ru/novosti/politika/nestase-trebuet-otstavki-glav-midei-i-tsik,"–ó–∞–¥–æ–ª–±–∞–ª–∏. –ù–µ –±—ã—Ç—å —Ç–µ–±–µ –ø—Ä–µ–∑–∏–¥–µ–Ω—Ç–æ–º, –¥–∞–∂–µ –µ—Å–ª–∏ —Ç—Ä–æ–µ —Å—É—Ç–æ–∫ –≥–æ–ª–æ—Å–æ–≤–∞—Ç—å –±—É–¥—É—Ç."
https://point.md/ru/novosti/politika/nestase-trebuet-otstavki-glav-midei-i-tsik,—É–∂–µ —á—É–≤—Å—Ç–≤—É–µ—Ç –∑–∞–¥–Ω–∏—Ü—É - —á—Ç–æ –Ω–∏–∫—Ç–æ –∑–∞ –ø–∞—Å–∫—É–¥—É –Ω–µ –≥–æ–ª–æ—Å—É–µ—Ç.
https://point.md/ru/novosti/politika/nestase-trebuet-otstavki-glav-midei-i-tsik,"–í –ï–° –º–∞–ª–æ —É—á–∞—Å—Ç–∫–æ–≤??? –¢–∞–º –∏—Ö –≤ 5 —Ä–∞–∑ –±–æ–ª—å—à–µ, —á–µ–º –≤ –†–æ—Å—Å–∏–∏, –∫–æ—Ç–æ—Ä–∞—è –≤ 4 —Ä–∞–∑–∞ –±–æ–ª—å—à–µ —á–µ–º –ï–°!! –ê –ª—é–¥–µ–π —Ç–ø–º –º–Ω–æ–≥–æ —Ç–æ–ª—å–∫–æ –ø–æ—Ç–æ–º—É, —á—Ç–æ –∫–∞–∂–ª—ã–π –≥–æ–ª–æ—Å—É–µ—Ç –ø–æ 2-3 –ø—Ä–æ—Å—Ä–æ—á–µ–Ω–Ω—ã–º –ø–∞—Å–ø–æ—Ä—Ç–∞–º, —É—Å–ø–µ–≤–∞—è –ø–æ—Å–µ—Ç–∏—Ç—å –Ω–µ—Å–∫–æ–ª—å–∫–æ —É—á–∞—Å—Ç–∫–æ–≤. –ò–ª–∏ –Ω–µ —É—Å–ø–µ–≤–∞—è - –ø–æ—ç—Ç–æ–º—É –°–∞–Ω–¥—É –∏ –ù—ç—Å—Ç–∞—Å–µ –∏ —Ç—Ä–µ–±—É—é—Ç –ø—Ä–æ–¥–ª–∏—Ç—å –≤—Ä–µ–º—è –¥–ª—è –≥–æ–ª—Ä—Å–æ–≤–∞–Ω–∏—è —Å–≤–æ–∏—Ö ""–∫–∞—Ä—É—Å–µ–ª—å—â–∏–∫–æ–≤"""
https://point.md/ru/novosti/politika/nestase-trebuet-otstavki-glav-midei-i-tsik,–•–≤–∞—Ç–∏—Ç –≥–æ–≤–æ—Ä–∏—Ç—å –∑–∞ –Ω–∞—Ä–æ–¥ –∫–ª–æ—É–Ω.
https://point.md/ru/novosti/politika/nestase-trebuet-otstavki-glav-midei-i-tsik,"Bolinoi, uciastkov otkryli bolishe , cem v proshlye goda, razreshili golosovati s prosrocennym pasportom! Mojet escio mesiats dati golosovati tem kto v evrope, a v Rossii i uje zakryti?"
https://point.md/ru/novosti/politika/nestase-trebuet-otstavki-glav-midei-i-tsik,"–î–∞ –±—É–¥–µ—Ç –≤–∞—à–∞ —Å—Å–∞–Ω–¥–∞ –ø—Ä–µ–∑–∏–¥–µ–Ω—Ç, —É—Å–ø–æ–∫–æ–π—Å—è, –ø–æ—á—É–≤—Å–≤—É–µ—à—å ""—Ä–∞–∑–Ω–∏—Ü—É"", –≤—Å—è –¥–∏–∞—Å–ø–æ—Ä–∞ –Ω–∞—á–Ω–µ—Ç –≤–æ–∑–≤—Ä–∞—â–∞—Ç—å—Å—è –Ω–∞–∑–∞–¥ –∏–∑ –ï–≤—Ä–æ–ø—ã –∏ –°–®–ê –≤ –ú–æ–ª–¥–æ–≤—É. :))))))"
https://point.md/ru/novosti/politika/nestase-trebuet-otstavki-glav-midei-i-tsik,–ö–∞–∫ –Ω–∏–∫—Ç–æ? –ê –º–∏–Ω–∏—Å—Ç—Ä —Ç–∞–º —Å—è–º –ø–æ–Ω–µ–º–Ω–æ–∂–∫—É?
https://point.md/ru/novosti/politika/nestase-trebuet-otstavki-glav-midei-i-tsik,–°–º–µ—à–Ω–æ–π –æ–Ω :-)
https://point.md/ru/novosti/politika/nestase-trebuet-otstavki-glav-midei-i-tsik,"–ù–∞—Å—Ç–µ–Ω—å–∫–∞ –∫–∞–∫ –±—ã–ª –Ω–∏–∫–µ–º —Ç–∞–∫ –Ω–∏–∫–µ–º –∏ –æ—Å—Ç–∞–ª—Å—è, –Ω–æ –≤—Å–µ —Ä–∞–≤–Ω–æ —á–µ–≥–æ-—Ç–æ —Ç—Ä–µ–±—É–µ—Ç."
https://point.md/ru/novosti/politika/nestase-trebuet-otstavki-glav-midei-i-tsik,–Ω–∞ –ù–∞–≤–∞–ª—å–Ω–æ–≥–æ –ø–æ—Ö–æ–∂
https://point.md/ru/novosti/politika/nestase-trebuet-otstavki-glav-midei-i-tsik,–ù–µ –¥–∞–π –±–æ–≥ —Ç–∞–∫–æ–≥–æ –ø—Ä–µ–∑–∏–¥–µ–Ω—Ç–∞.
https://point.md/ru/novosti/politika/nestase-trebuet-otstavki-glav-midei-i-tsik,–ö–ª–æ—É–Ω —ç—Ç–æ—Ç –ù—ç—Å—Ç–∞—Å
https://point.md/ru/novosti/politika/nestase-trebuet-otstavki-glav-midei-i-tsik,–ù–∞—á–∏–Ω–∞–µ—Ç—Å—è –Ω—ã—Ç—å—ë...
https://point.md/ru/novosti/politika/nestase-trebuet-otstavki-glav-midei-i-tsik,"–¶—É–ª—è –∏ —Ç–∞–∫ –ø–æ–¥–∞–ª –≤ –æ—Ç—Å—Ç–∞–≤–∫—É, –º—ç–π, –Ω–µ–¥–æ—Ä–∞–∑—É–º–µ–Ω–∏–µ :))))"
https://point.md/ru/novosti/politika/nestase-trebuet-otstavki-glav-midei-i-tsik,"–ê —è —Ç—Ä–µ–±—É—é —Å–Ω—è—Ç–∏—è —Ç–≤–æ–µ–π –ù—ç—Å—Ç–∞—Å–µ –∫–∞–Ω–¥–∏–¥–∞—Ç—É—Ä—ã —Å –≤—ã–±–æ—Ä–æ–≤ –ø—Ä–µ–∑–∏–¥–µ–Ω—Ç–∞!–ó–∞ —Å—Ä—ã–≤ –≥–æ–ª–æ—Å–æ–≤–∞–Ω–∏—è –≥—Ä–∞–∂–¥–∞–Ω –ú–æ–ª–¥–æ–≤—ã –∏–∑ –ü—Ä–∏–¥–Ω–µ—Å—Ç—Ä–æ–≤—Å–∫–æ–≥–æ —Ä–µ–≥–∏–æ–Ω–∞!–¢—ã –∏ —Ç–∞–∫–∏–µ,–∫–∞–∫ –¢—ã –Ω–∞–∑—ã–≤–∞—é—Ç —ç—Ç–∏—Ö –ª—é–¥–µ–π —Å–µ–ø–∞—Ä–∞—Ç–∏—Å—Ç–∞–º–∏,–∞ —ç—Ç–æ –≥—Ä–∞–∂–¥–∞–Ω–µ –Ω–∞—à–µ–π –æ–±—â–µ–π —Ä–µ—Å–ø—É–±–ª–∏–∫–∏,–Ω–æ –Ω–µ —Ç–≤–æ–π —ç–ª–µ–∫—Ç–æ—Ä–∞—Ç....–ü–æ—Ç–æ–º—É –∏ –±–µ—Å–∏—Ç–µ—Å—å —Å –ú–∞–π–∫–æ–πü§™"
https://point.md/ru/novosti/politika/nestase-trebuet-otstavki-glav-midei-i-tsik,"–ü—Ä–∏–¥–Ω–µ—Å—Ç—Ä–æ–≤—å–µ —É–∂–µ –Ω–µ –ú–æ–ª–¥–æ–≤–∞, —Å—É–¥—è –ø–æ —Å–µ–≥–æ–¥–Ω—è—à–Ω–∏–º –∫–∞–º–µ–Ω—Ç–∞–º –Ω–∞ –ü–æ–∏–Ω—Ç–µ. –¢–∞–º –Ω–µ —Ö–æ—Ç—è—Ç –±—ã—Ç—å –ú–æ–ª–¥–æ–≤–æ–π, –∞ —Ç—É—Ç –≤ –ú–æ–ª–¥–æ–≤–µ –Ω–µ —Ö–æ—Ç—è—Ç –∏—Ö —Å—á–∏—Ç–∞—Ç—å —Å–≤–æ–∏–º–∏.... :((("
https://point.md/ru/novosti/politika/nestase-trebuet-otstavki-glav-midei-i-tsik,15–º–∏–Ω–µ–º—É–º
https://point.md/ru/novosti/politika/martynov-zapad-mozhet-otlozhit-zapusk-stsenariia-maidana-v-moldove,–ó–∞—á–µ–º –Ω–∞–º –º–Ω–µ–Ω–∏–µ –º–∞—Ä—Ç—ã—à–∫–∏
https://point.md/ru/novosti/politika/martynov-zapad-mozhet-otlozhit-zapusk-stsenariia-maidana-v-moldove,–†–æ—Å—Å–∏–π—Å–∫–∏–µ –ø–æ–ª–∏—Ç–æ–ª–æ–≥–∏ —Ä–∞–∑–±–∏—Ä–∞—é—Ç—Å—è –≤ –º–æ–ª–¥–∞–≤—Å–∫–æ–π –ø–æ–ª–∏—Ç–∏–∫–µ –∫–∞–∫ –æ–±–µ–∑—å—è–Ω–∞ —Å –≥—Ä–∞–Ω–∞—Ç–æ–π
https://point.md/ru/novosti/politika/martynov-zapad-mozhet-otlozhit-zapusk-stsenariia-maidana-v-moldove,–ø—É—Å—Ç—å —Å–≤–æ–π –º–∞–π–¥–∞–Ω —É —Å–µ–±—è —É—Å—Ç—Ä–∞–∏–≤–∞—é—Ç
https://point.md/ru/novosti/politika/martynov-zapad-mozhet-otlozhit-zapusk-stsenariia-maidana-v-moldove,–Ω–µ –±—É–¥–µ—Ç –º–∞–π–¥–∞–Ω–∞.....–Ω–µ–∫–æ–º—É —Ç—É—Ç –º–∞–π–¥–∞–Ω–∏—Ç—å !
https://point.md/ru/novosti/politika/martynov-zapad-mozhet-otlozhit-zapusk-stsenariia-maidana-v-moldove,–ö–∞–∫ —É–∂–µ –¥–æ—Å—Ç–∞–ª–∏ –º–Ω–µ–Ω–∏—è —ç—Ç–∏—Ö —Ä–æ—Å—Å–∏–π—Å–∫–∏—Ö –ø—Å–µ–≤–¥–æ–ø–æ–ª–∏—Ç–æ–ª–æ–≥–æ–≤. –í–µ–∑–¥–µ —É –Ω–∏—Ö –º–∞–π–¥–∞–Ω—ã –ø–µ—Ä–µ–¥ –≥–ª–∞–∑–∞–º–∏...
https://point.md/ru/novosti/politika/martynov-zapad-mozhet-otlozhit-zapusk-stsenariia-maidana-v-moldove,—Ä—É—Å–∏—à —à–≤–∞–π–Ω–µ...)))
https://point.md/ru/novosti/politika/martynov-zapad-mozhet-otlozhit-zapusk-stsenariia-maidana-v-moldove,–ù–µ–º—ã—Ç–∞—è –†–æ—Å—Å–∏—è –∏ –Ω–µ–º—ã—Ç—ã–µ –ø–æ–ª–∏—Ç–æ–ª–æ–≥–∏.
https://point.md/ru/novosti/politika/martynov-zapad-mozhet-otlozhit-zapusk-stsenariia-maidana-v-moldove,–≠—Ç–æ –≤ –µ —Ç–∞–∫. –ú–µ—Å—Ç–µ—á–∫–æ–≤–æ–µ –¥—É—Ä–∞—á—å–µ –∫–æ—Ç–æ—Ä–æ–µ –¥–∞–ª—å—à–µ —Å–≤–æ–∏—Ö —Ç—Ä—É—Å–æ–≤ –Ω–µ–≤–∏–¥–∏—Ç –Ω–∏—á–µ–≥–æ.
https://point.md/ru/novosti/politika/martynov-zapad-mozhet-otlozhit-zapusk-stsenariia-maidana-v-moldove,—Ç–æ –ø–æ—Ç–µ—Ä—è—é—Ç —Å–≤–æ—é –∏–¥–µ–Ω—Ç–∏—á–Ω–æ—Å—Ç—å...)
https://point.md/ru/novosti/politika/martynov-zapad-mozhet-otlozhit-zapusk-stsenariia-maidana-v-moldove,–ú—ã —É–∂–µ –≤–∏–¥–µ–ª–∏ –∫–∞–∫ —Å–æ—Ä–æ—Å –ª–∏—á–Ω–æ –ø—Ä–∏–µ–∑–∂–∞–ª –≤ –ú–∏–Ω—Å–∫... —Ç–∞–∫ —á—Ç–æ –Ω–µ –Ω–∞–¥–æ –ª—è-–ª—è!
https://point.md/ru/novosti/politika/martynov-zapad-mozhet-otlozhit-zapusk-stsenariia-maidana-v-moldove,"–∫–∞–∫–æ–π —Ç—É–ø–æ–π –ø–æ–ª–∏—Ç–æ–ª–æ–≥, –∏–ª–∏ –Ω–µ –ø—Ä–æ—Å—Ç–æ —Ç–∞–∫ –≤—ã—Å–∫–∞–∑–∞–ª—Å—è"
https://point.md/ru/novosti/politika/martynov-zapad-mozhet-otlozhit-zapusk-stsenariia-maidana-v-moldove,"–†—É–ø–æ—Ä —Ä–µ–∂–∏–º–∞ –æ —á—ë–º-—Ç–æ —à–µ–ø—á–µ—Ç, –æ–ø—è—Ç—å –æ–ª–µ–Ω–∏ –≤–µ–¥—É—Ç—Å—è"
https://point.md/ru/novosti/politika/martynov-zapad-mozhet-otlozhit-zapusk-stsenariia-maidana-v-moldove,—Ç–æ–Ω—å—à–µ –Ω–∞–¥–æ —Ä–∞–±–æ—Ç–∞—Ç—å
https://point.md/ru/novosti/politika/martynov-zapad-mozhet-otlozhit-zapusk-stsenariia-maidana-v-moldove,"–ü–æ–ª –Ω–∞—Å–µ–ª–µ–Ω–∏—è —É–∂–µ –≤ –ï–≤—Ä–æ–ø–µ –∂–∏–≤—ë—Ç –æ–¥–Ω–∏ —Å—Ç–∞—Ä–∏–∫–∏ –∏ –¥–µ—Ç–∏ –æ—Å—Ç–∞–ª–∏—Å—å,–º–∞–π–¥–∞–Ω–∏—Ç—å –Ω–µ–∫–æ–º—É."
https://point.md/ru/novosti/politika/martynov-zapad-mozhet-otlozhit-zapusk-stsenariia-maidana-v-moldove,"–ü–æ–∑–¥–Ω–æ , –¢—É—Å–∫ —É–∂–µ –ø–æ–æ–±–µ—â–∞–ª –ú–∞–π–µ ..."
https://point.md/ru/novosti/politika/martynov-zapad-mozhet-otlozhit-zapusk-stsenariia-maidana-v-moldove,–æ—á–µ—Ä–µ–¥–Ω–æ–π –¥—É—Ä–∞—á—ë–∫?
https://point.md/ru/novosti/politika/martynov-zapad-mozhet-otlozhit-zapusk-stsenariia-maidana-v-moldove,"—Ç—É–ø–æ—Å—Ç—å –∫ –Ω–∏—Ö, —ç—Ç–æ –≥–æ—Å—Å—É–¥–∞—Ä—Å—Ç–≤–µ–Ω–Ω–∞—è –ø–æ–ª–∏—Ç–∏–∫–∞...)"
https://point.md/ru/novosti/politika/martynov-zapad-mozhet-otlozhit-zapusk-stsenariia-maidana-v-moldove,"–ú–∞—Ä—Ç—ã—à–∫–æ–≤, –∫—Ç–æ –¢–∏ —Ç–∞–∫–æ–π???"
https://point.md/ru/novosti/politika/martynov-zapad-mozhet-otlozhit-zapusk-stsenariia-maidana-v-moldove,–ê —á—ë —Ç–∞–∫ ? –ñ–µ–Ω–∞ —É—à–ª–∞ –∫ —Ä—É—Å—Å–∫–æ–º—É ?
https://point.md/ru/novosti/politika/martynov-zapad-mozhet-otlozhit-zapusk-stsenariia-maidana-v-moldove,100%
https://point.md/ru/novosti/politika/martynov-zapad-mozhet-otlozhit-zapusk-stsenariia-maidana-v-moldove,–ó–∞—á–µ–º –≤ 21 –≤–µ–∫–µ –ø—Ä–∏ —Ç–∞–∫–∏—Ö –∫–æ–º–º—É–Ω–∏–∫–∞—Ü–∏—è—Ö –õ–ò–ß–ù–û –∫—É–¥–∞-—Ç–æ –ø—Ä–∏–µ–∑–∂–∞—Ç—å?
https://point.md/ru/novosti/politika/martynov-zapad-mozhet-otlozhit-zapusk-stsenariia-maidana-v-moldove,–ñ–æ—Å –°–∞–Ω–¥—É!!!
https://point.md/ru/novosti/politika/martynov-zapad-mozhet-otlozhit-zapusk-stsenariia-maidana-v-moldove,"–í–æ—Ç –∏–º–µ–Ω–Ω–æ! –ù–∞ –ø–æ–π–Ω—Ç–µ, –∫–∞–∂–¥—ã–π –≤—Ç–æ—Ä–æ–π, –µ—Å–ª–∏ –Ω–µ –ø–µ—Ä–≤—ã–π, —Å–≤–æ–π –±–∂–µ–∑–∏–Ω—Å–∫–∏–π –∏–ª–∏ –∫–∏—Å—Å–∏–Ω–¥–∂–µ—Ä..."
https://point.md/ru/novosti/politika/martynov-zapad-mozhet-otlozhit-zapusk-stsenariia-maidana-v-moldove,"–†–æ—Å—Å–∏—è–Ω–µ –∑–æ–≤—É—Ç –º–æ–ª–¥–æ–≤–∞–Ω –≤ –≥–æ—Å—Ç–∏,–∞ —É —Å–∞–º–∏—Ö –Ω–∞ —Å—Ç–æ–ª–µ –∫–æ—Å—Ç–∏.–ß–µ–≥–æ –ø—Ä–∏—Ü–µ–ø–∏–ª–∏—Å—å –∫ –º–æ–ª–¥–æ–≤–∞–Ω–∞–º,–æ–ø—è—Ç—å —á–µ–≥–æ-—Ç–æ —É–∫—Ä–∞—Å—Ç—å —É –Ω–∏—Ö —Ö–æ—Ç–∏—Ç–µ.–ú–∞–π–¥–∞–Ω—ã –æ–Ω–∏ —Ö–æ—Ç—è—Ç,–Ω–µ –±—É–¥–µ—Ç –Ω–∏–∫–∞–∫–∏—Ö –º–∞–π–¥–∞–Ω–æ–≤,–∞–Ω–Ω—É–ª–∏—Ä—É–µ–º –≥–æ–ª–æ—Å–æ–≤–∞–Ω–∏–µ –Ω–∞ —É—á–∞—Å—Ç–∫–∞—Ö,–≥–¥–µ –ø–ª–∞—Ç–∏–ª–∏ –ø–æ–º–∏–¥–æ—Ä—Ü–∞–º –∏ –≤–æ—Å—Å—Ç–∞–Ω–æ–≤–∏–º –∑–∞–∫–æ–Ω–Ω–æ—Å—Ç—å."
https://point.md/ru/novosti/politika/martynov-zapad-mozhet-otlozhit-zapusk-stsenariia-maidana-v-moldove,—Å–∞–Ω–¥—É –≥—Ä–µ–∫—É?...)
https://point.md/ru/novosti/politika/martynov-zapad-mozhet-otlozhit-zapusk-stsenariia-maidana-v-moldove,"–≤–µ—á–Ω–æ —ç—Ç–∏ –º—Ä—Ç—É—Ö–∞–Ω—ã —Å—É—é—Ç –Ω–æ—Å –≤ —á—É–∂–∏–µ –¥–µ–ª–∞. –ü–æ–ª–∏—Ç–æ–ª–æ–≥? –ì–æ–≤–Ω–∞ –æ–Ω –∫—É—Å–æ–∫. –ü—É—Å—Ç—å —Ä–∞—Å—Å–∫–∞–∂–µ—Ç –ª—É—á—à–µ —á—Ç–æ –≤ –†–§ –∑–ø –Ω–∏–∂–µ —á–µ–º –≤ –†—É–º—ã–Ω–∏–∏ –∏ —Å—Ç—Ä–∞–Ω–∞—Ö –ê—Ñ—Ä–∏–∫–∏ –∏ —á—Ç–æ —Å —ç—Ç–∏–º —Å–æ–±–∏—Ä–∞—é—Ç—Å—è –¥–µ–ª–∞—Ç—å. –ù—É –∏ –ø—Ä–æ —É—Ä–æ–≤–µ–Ω—å —Å–º–µ—Ä—Ç–Ω–æ—Å—Ç–∏ —Å—Ä–µ–¥–∏ —Ä—É—Å—Å–∫–∏—Ö –∏–º–µ–Ω–Ω–æ, –∞–ª–∫–æ–≥–æ–ª–∏–∑–∞—Ü–∏–∏ —Å—Ç—Ä–∞–Ω—ã –∏ —Ç–¥."
https://point.md/ru/novosti/politika/martynov-zapad-mozhet-otlozhit-zapusk-stsenariia-maidana-v-moldove,"—É —Å–æ—Ü–∏–∫–æ–≤ –Ω–µ—Ç –±–æ–ª—å—à–∏–Ω—Å—Ç–≤–∞, –∏—Ö —É–¥–µ—Ä–∂–∏–≤–∞–µ—Ç —É –≤–ª–∞—Å—Ç–∏ –∞–ª—å—è–Ω—Å —Å –¥–ø–º –Ω–µ –±–æ–ª–µ–µ —Ç–æ–≥–æ"
https://point.md/ru/novosti/politika/martynov-zapad-mozhet-otlozhit-zapusk-stsenariia-maidana-v-moldove,"–¥–∞ –Ω–µ –±—É–¥–µ—Ç —É –Ω–∞—Å –º–∞–π–¥–∞–Ω–∞, –ª—é–¥–∏ –≥–æ–ª–æ—Å–æ–≤–∞–ª–∏ —Å–≤–æ–±–æ–¥–Ω–æ –∏ —Ç–æ—á–∫–∞. –ü—Ä–µ–¥–Ω–∏—Å—Ç—Ä–æ–≤—Ü—ã —Ç–æ–ª—å–∫–æ –∫–∞–∫ –±–∞—Ä–∞–Ω—ã –≥–æ–ª–æ—Å—Å—É—é—Ç"
https://point.md/ru/novosti/politika/martynov-zapad-mozhet-otlozhit-zapusk-stsenariia-maidana-v-moldove,–ê –∑–∞—á–µ–º –Ω–∞–º —Ç–≤–æ—ë –º–Ω–µ–Ω–∏–µ —á–µ–±—É—Ä–∞—à–∫–∏???
https://point.md/ru/novosti/politika/martynov-zapad-mozhet-otlozhit-zapusk-stsenariia-maidana-v-moldove,"–ì–¥–µ –ø—Ä–æ–π–¥—É—Ç –≤ –ø–∞—Ä–ª–∞–º–µ–Ω—Ç –ü–°–†–ú, –ü–ê–°, –£—Å–∞—Ç—ã–π –∏ –®–æ—Ä –∏ –±—É–¥–µ—Ç –∫—Ä–∞—Å–æ—Ç–∞ –ø–∞—Ä–ª–∞–º–µ–Ω—Ç"
https://point.md/ru/novosti/politika/martynov-zapad-mozhet-otlozhit-zapusk-stsenariia-maidana-v-moldove,–ö—Ç–æ —Ç–∞–∫–æ–π –ú–∞—Ä—Ç—ã–Ω–æ–≤?
https://point.md/ru/novosti/politika/martynov-zapad-mozhet-otlozhit-zapusk-stsenariia-maidana-v-moldove,–±—É—Ö–∞—Ä–µ—Å—Ç–∫–∏–π –¥—É—Ä–∞—á–µ–∫ —Å–æ –≤—Å–µ—Ö —Å–≤–æ–∏—Ö —Å—Ç—Ä–∞–Ω–∏—Ü —É–∂ –æ—Ç–ø–∏—Å–∞–ª—Å—è? –∞–ª—å –µ—â–µ –≤ –∑–∞–ø–∞—Å–µ –∏–º–µ—é—Ç—Å—è?)))))
https://point.md/ru/novosti/politika/martynov-zapad-mozhet-otlozhit-zapusk-stsenariia-maidana-v-moldove,—Å–∫–∞–∑–∞—Ç—å –≤ –§–°–ë.
https://point.md/ru/novosti/politika/martynov-zapad-mozhet-otlozhit-zapusk-stsenariia-maidana-v-moldove,"–ê—Ö–∞, –≤ –¥–æ–ø–æ–ª–Ω–µ–Ω–∏–µ –∫ –º–æ–ª–¥–∞–≤—Å–∫–∏–º –¥—É—Ä–∞—á–∫–∞–º, –∫–æ—Ç–æ—Ä—ã–µ –∫–∞–∂–¥—ã–µ 2 –≥–æ–¥–∞ –≤—ã–±–∏—Ä–∞—é—Ç –≤–ª–∞—Å—Ç—å, –∏ –≤—Å—ë –Ω–∏–∫–∞–∫ –≤—ã–±—Ä–∞—Ç—å –Ω–µ –º–æ–≥—É—Ç...))). ü§£ü§£ü§£ –í —Å—Ç—Ä–∞–Ω–µ –Ω–µ—Ç —ç–∫–æ–Ω–æ–º–∏–∫–∏, –æ–¥–Ω–∞ —Å–ø–ª–æ—à–Ω–∞—è –ø–æ–ª–∏—Ç–∏–∫–∞... –í—ã —É–º–Ω—ã–µ?"
https://point.md/ru/novosti/politika/martynov-zapad-mozhet-otlozhit-zapusk-stsenariia-maidana-v-moldove,"–ù–µ—Ç, —É–º–Ω—ã–µ –≤—ã, –∫–æ—Ç–æ—Ä—ã–µ —É–∂–µ 20 –ª–µ—Ç –≤—ã–±–∏—Ä–∞–µ—Ç–µ –í–û–†–ê –ø—É—Ç–∏–Ω–∞ –∏ –µ–≥–æ —à–∞–∫–∞–ª–æ–≤... :)"
https://point.md/ru/novosti/politika/martynov-zapad-mozhet-otlozhit-zapusk-stsenariia-maidana-v-moldove,–ú–∞–π–¥–∞–Ω –±—É–¥–µ—Ç –ø–æ—Å–ª–µ –≤—Ç–æ—Ä–æ–≥–æ —Ç—É—Ä–∞ –≥–æ–ª–æ—Å–æ–≤–∞–Ω–∏—è –µ—Å–ª–∏ –ø–æ–±–µ–¥–∏—Ç –î–æ–¥–æ–Ω
https://point.md/ru/novosti/politika/martynov-zapad-mozhet-otlozhit-zapusk-stsenariia-maidana-v-moldove,"–≤—ã –Ω–µ –ú–æ–ª–¥–∞–≤–∞–Ω–µ, –≤–∞—Å –Ω–µ –¥–æ–ª–∂–Ω–∞ –≤–æ–ª–Ω–æ–≤–∞—Ç—å –Ω–∞—à–∞ –∂–∏–∑–Ω—å, –ø–æ—á–µ–º—É –≤—ã —Å—Ç–∞—Ä–µ–µ—Ç–µ—Å—å –≤–ª–∏—è—Ç—å –Ω–∞ –Ω–∞—à–µ –±—É–¥—É—â–µ–µ?"
https://point.md/ru/novosti/politika/martynov-zapad-mozhet-otlozhit-zapusk-stsenariia-maidana-v-moldove,"–¢—ã —Ç–∞–∫–æ–π –≥—Ä–æ–∑–Ω—ã–π. –í—Å—ë –ø—Å—ã –≤ –æ–∫—Ä—É–≥–µ —Ç–µ–±—è –±–æ—è—Ç—Å—è, —á—Ç–æ–±—ã —Ç—ã –∏—Ö –Ω–µ –ø–æ–∫—É—Å–∞–ª, –∏ –æ—Ç —É–≤–∞–∂–µ–Ω–∏—è –ø–æ–¥–Ω–∏–º–∞—é—Ç –∑–∞–¥–Ω—é—é –ª–∞–ø—É –Ω–∞ —Ç–≤–æ–∏ —à—Ç–∞–Ω—ã, —á—Ç–æ–±—ã –ø–æ–º–æ—á–∏—Ç—å—Å—è –∏ –æ—Ç–º–µ—Ç–∏—Ç—å—Å—è"
https://point.md/ru/novosti/politika/martynov-zapad-mozhet-otlozhit-zapusk-stsenariia-maidana-v-moldove,"–ü—É—Ç–∏–Ω —ç—Ç–æ –ø—Ä–µ–∑–∏–¥–µ–Ω—Ç –í–µ–ª–∏–∫–æ–π –†–æ—Å—Å–∏–∏, –∞ —Ç—ã –ø—Ä–æ—Å—Ç–æ –ø—à–∏–∫ –∏ –ø—ã–ª—å.–í–µ—Ç–µ—Ä –¥—É–Ω–µ—Ç –∏ –ø—ã–ª—å –∏—Å—á–µ–∑–Ω–µ—Ç"
https://point.md/ru/novosti/politika/martynov-zapad-mozhet-otlozhit-zapusk-stsenariia-maidana-v-moldove,"–∞–≥–∞, —á–µ–∫–ª–µ–∂, –∫–æ—Ç–æ—Ä—ã–º –≤—ã –∂–æ–ø—ã –ø–æ–¥—Ç–∏—Ä–∞–ª–∏"
https://point.md/ru/novosti/obschestvo/moment-ssory-grazhdan-iz-za-deneg-poluchennykh-za-golosovanie-popal-na-video,–ë–∏–¥–æ–Ω –æ–±–º–∞–Ω—É–ª –ø—Ä–∏–¥–Ω–µ—Å—Ç—Ä–æ–≤—Ü–µ–≤?:)
https://point.md/ru/novosti/obschestvo/moment-ssory-grazhdan-iz-za-deneg-poluchennykh-za-golosovanie-popal-na-video,–∫ –ò–≥–æ—Ä–∞—à—É –∏–¥–∏—Ç–µ –∏ —Ç—Ä–µ–±—É–π—Ç–µ!!!
https://point.md/ru/novosti/obschestvo/moment-ssory-grazhdan-iz-za-deneg-poluchennykh-za-golosovanie-popal-na-video,"–ê–∞—Ö–∞—Ö–∞—Ö–∞, –±–∏–¥–æ–Ω –¥–∞–∂–µ —Ç—É—Ç –∫–∏–¥–∞–µ—Ç"
https://point.md/ru/novosti/obschestvo/moment-ssory-grazhdan-iz-za-deneg-poluchennykh-za-golosovanie-popal-na-video,"Asa va trebuie, oi proaste"
https://point.md/ru/novosti/obschestvo/moment-ssory-grazhdan-iz-za-deneg-poluchennykh-za-golosovanie-popal-na-video,–ö–∏–Ω—É–ª–∏ –ª–æ—Ö–æ–≤ –∫–∞–∫ –≤—Å–µ–≥–¥–∞.–û–Ω–∏ —ç—Ç–æ–≥–æ –¥–æ—Å—Ç–æ–π–Ω—ã.
https://point.md/ru/novosti/obschestvo/moment-ssory-grazhdan-iz-za-deneg-poluchennykh-za-golosovanie-popal-na-video,–ò —ç—Ç–∏—Ö –∫–∏–Ω—É–ª :))
https://point.md/ru/novosti/obschestvo/moment-ssory-grazhdan-iz-za-deneg-poluchennykh-za-golosovanie-popal-na-video,–ü–æ—Å—Ä–µ–¥–Ω–∏–∫–∏ —Å–µ–±–µ –æ—Ç—Å—Ç–µ–≥–Ω—É–ª–∏!
https://point.md/ru/novosti/obschestvo/moment-ssory-grazhdan-iz-za-deneg-poluchennykh-za-golosovanie-popal-na-video,"–ò —ç—Ç–∏—Ö –Ω–∞–≥—Ä–µ–ª, –º–µ–≥–∞ –ø—Ä–æ–≤–∞–ª!"
https://point.md/ru/novosti/obschestvo/moment-ssory-grazhdan-iz-za-deneg-poluchennykh-za-golosovanie-popal-na-video,–≤ –æ—á–µ—Ä–µ–¥–Ω–æ–π —Ä–∞–∑ –∫—É–ª–µ–∫ –∫–∏–Ω—É–ª —Å–≤–æ–∏—Ö
https://point.md/ru/novosti/obschestvo/moment-ssory-grazhdan-iz-za-deneg-poluchennykh-za-golosovanie-popal-na-video,–ù—ç—Å—Ç–∞—Å–µ –æ–±–º–∞–Ω—É–ª - –æ–Ω –∂–µ —Å–µ–≥–æ–¥–Ω—è —Ü–µ–ª—ã–π –¥–µ–Ω—å –∫—Ä—É—Ç–∏–ª—Å—è –≤ –í–∞—Ä–Ω–∏—Ü–µ
https://point.md/ru/novosti/obschestvo/moment-ssory-grazhdan-iz-za-deneg-poluchennykh-za-golosovanie-popal-na-video,–ù–∞—Ü–∏–æ–Ω–∞–ª—å–Ω—ã–µ –ì–µ—Ä–æ–∏!
https://point.md/ru/novosti/obschestvo/moment-ssory-grazhdan-iz-za-deneg-poluchennykh-za-golosovanie-popal-na-video,–ú—É—Ä–ª–∞–Ω–∏! –ö–∞—Ä–º–∞ –Ω–∞—Å—Ç–∏–≥–ª–∞!
https://point.md/ru/novosti/obschestvo/moment-ssory-grazhdan-iz-za-deneg-poluchennykh-za-golosovanie-popal-na-video,"–°–Ω–∞—á–∞–ª–∞ –ø—Ä–æ–¥–∞—é—Ç—Å—è –∫–∞–∫ –æ–≤—Ü—ã –ø–æ—Ç–µ—Ä—è–Ω–Ω—ã–µ –ø–æ—Ç–æ–º —ç—Ç–∏ –¥–µ–Ω—å–≥–∏ –ø—Ä–æ–ø–∏–≤–∞—é—Ç –∏ –≥–æ–≤–æ—Ä—è—Ç –ø—Ä–∏ —ç—Ç–æ–º —á—Ç–æ –Ω–µ —Å–ø—Ä–∞–≤–∏–¥–ª–∏–≤–æ—Å—Ç—å –æ–Ω –ø—Ä–µ–∑–∏–¥–µ–Ω—Ç, –≤–æ—Ç –∏ –≤—Å—è —Å—É—Ç—å –º–µ–Ω—Ç–∞–ª–∏—Ç–µ—Ç–∞ –ú–æ–ª–¥–æ–≤—ã, –Ω–∞–±–∏–ª –± –º–æ—Ä–¥—É —Ç–∞–∫–∏–º –ø—Ä–æ–¥–∞–∂–Ω—ã–º"
https://point.md/ru/novosti/obschestvo/moment-ssory-grazhdan-iz-za-deneg-poluchennykh-za-golosovanie-popal-na-video,"—è –Ω–µ –∑–Ω–∞—é , –∫–∞–∫ —ç—Ç–æ —Ä–∞–±–æ—Ç–∞–µ—Ç , –Ω–æ –≤—Å–µ–≥–¥–∞ —è–∫–æ–±—ã –≤—Å–µ –ø—Ä—É—Ñ—ã —Å–Ω—è—Ç—ã –Ω–∞ –Ω–æ–∫–∏—é —Å —Ä–∞–∑—Ä–µ—à–µ–Ω–∏–µ–º –≤ 0.3 –º–µ–≥–∞–ø–∏–∫—Å–µ–ª—è –∏ —Å –º–∏–∫—Ä–æ –≤ –±–æ—Ç–∏–Ω–∫–µ –æ–ø–µ—Ä–∞—Ç–æ—Ä–∞)"
https://point.md/ru/novosti/obschestvo/moment-ssory-grazhdan-iz-za-deneg-poluchennykh-za-golosovanie-popal-na-video,"–ù–æ –¥–ª—è –Ω–∞—à–∏—Ö –¶–ò–ö —ç—Ç–æ –Ω–µ –¥–æ–∫–∞–∑–∞—Ç–µ–ª—å—Å—Ç–≤–æ,–∫—É–ª—å–∫–∏ –ø—Ä–∏—Ç—É–ø–ª—è—é—Ç –∑—Ä–µ–Ω–∏–µ, —Å–æ–≤–µ—Å—Ç—å –∏ –¥–æ—Å—Ç–æ–∏–Ω—Å—Ç–≤–æ"
https://point.md/ru/novosti/obschestvo/moment-ssory-grazhdan-iz-za-deneg-poluchennykh-za-golosovanie-popal-na-video,—É–∂–µ –∫–∏–Ω—É–ª —Å—Ç—Ä–∞–Ω—É..—Ç–∞–∫ —á—Ç–æ —ç—Ç–æ—Ç —Å–ª—É—á–∞–π –Ω–µ —É–¥–∏–≤–∏—Ç–µ–ª–µ–Ω
https://point.md/ru/novosti/obschestvo/moment-ssory-grazhdan-iz-za-deneg-poluchennykh-za-golosovanie-popal-na-video,–ñ–∞–ª–∫–∏–µ –æ—Å–æ–±–∏...
https://point.md/ru/novosti/obschestvo/moment-ssory-grazhdan-iz-za-deneg-poluchennykh-za-golosovanie-popal-na-video,2016 –ü—Ä–∏–¥–Ω–µ—Å—Ç—Ä–æ–≤—å—è –º–∞–π—è –Ω—ç—Å—Ç–∞—Å—ç –¥–µ–Ω–≥–∏
https://point.md/ru/novosti/obschestvo/moment-ssory-grazhdan-iz-za-deneg-poluchennykh-za-golosovanie-popal-na-video,–¶–µ–ª—ã–π –¥–µ–Ω—å –∏–¥–µ—Ç –¥–æ–∂–¥—å. –ê –Ω–∞ –≤–∏–¥–µ–æ –∑–µ–º–ª—è –Ω–µ –º–æ–∫—Ä–∞—è.
https://point.md/ru/novosti/obschestvo/moment-ssory-grazhdan-iz-za-deneg-poluchennykh-za-golosovanie-popal-na-video,"–∞—Ö–∞—Ö–∞—Ö–∞—Ö–∞ ....–æ–ø—è—Ç—å –ø–æ–∏–º–µ–ª–∏ –ø–∞–º–∏–¥–æ—Ä—Ü–∞–º –∫–∞–∫ —Å –ø—É—Ç–∏–Ω—Å–∫—É—é –Ω–∞–¥–±–∞–≤–∫—É...–î–æ–ª–±–µ—Ä , –∂–¥—ë–º –æ–±—ä–µ—Å–Ω–µ–Ω–∏–π )))))))))))))"
https://point.md/ru/novosti/obschestvo/moment-ssory-grazhdan-iz-za-deneg-poluchennykh-za-golosovanie-popal-na-video,"–¥–æ–±–±–µ—Ä , —á—Ç–æ —Å–∫–∞–∂–µ—à—å?)"
https://point.md/ru/novosti/obschestvo/moment-ssory-grazhdan-iz-za-deneg-poluchennykh-za-golosovanie-popal-na-video,–ü—Ä–∏–¥–Ω–µ—Å—Ç—Ä–æ–≤—å—è –ª—é–¥–∏ —Å–∫–∞–∑–∞–ª –∑–∞ –¥–æ–¥–æ–Ω. –ª–æ–∂—å –º–∞–π—è —Å–∞–Ω–¥—É –Ω—ç—Å—Ç–∞—Å—ç –¥–µ–Ω–≥–∏ –∑–∞ –º–∞–π—è —Å–∞–Ω–¥—É –Ω—ç—Å—Ç–∞—Å—ç !!
https://point.md/ru/novosti/obschestvo/moment-ssory-grazhdan-iz-za-deneg-poluchennykh-za-golosovanie-popal-na-video,Postanovocinoe video ot Sandu)
https://point.md/ru/novosti/obschestvo/moment-ssory-grazhdan-iz-za-deneg-poluchennykh-za-golosovanie-popal-na-video,–ü—Ä–æ–≤–æ–∫–∞—Ü–∏—è –Ω–∏–∑–∫–∞—è
https://point.md/ru/novosti/obschestvo/moment-ssory-grazhdan-iz-za-deneg-poluchennykh-za-golosovanie-popal-na-video,"–∏ –≥–¥–µ –∫—Ä–∏–∫–∏ –ø—Ä–æ –¥–∏–ª–¥–æ, —Ä–∞–∑–º–∞—Ö–∏–≤–∞–Ω–∏–µ —Ñ–ª–∞–≥–æ–º —Å–æ—Ü–∏–∞–ª–∏—Å—Ç–æ–≤ –∏ —Ä–æ—Å–ø–∏—Å—å –Ω–∞ –∫—É–ø–ø—é—Ä–∞—Ö –ë–∞—Ç—Ä—ã–Ω—á–∏*??? –∞–∫—Ç–µ—Ä—ã –∫–∞–∫–∏–µ-—Ç–æ –∑–∞–¥—Ä—ã–ø–∞–Ω–µ–Ω—å–∫–∏–µ"
https://point.md/ru/novosti/obschestvo/moment-ssory-grazhdan-iz-za-deneg-poluchennykh-za-golosovanie-popal-na-video,–ö–∏–¥–æ–Ω–∏—á –æ–ø—è—Ç—å –∫–∏–¥–∞–Ω—É–ª —Å—Ç–∞—Ä–∏–∫–æ–≤)))
https://point.md/ru/novosti/obschestvo/moment-ssory-grazhdan-iz-za-deneg-poluchennykh-za-golosovanie-popal-na-video,"–Ω–∞—Å–∫–æ–ª—å–∫–æ –Ω–∞–¥–æ –Ω–∏–∑–∫–æ –ø–∞—Å—Ç—å, —á—Ç–æ–±—ã –Ω–∞ —Ç–∞–∫–æ–µ —Å–æ–≥–ª–∞—à–∞—Ç—å—Å—è."
https://point.md/ru/novosti/obschestvo/moment-ssory-grazhdan-iz-za-deneg-poluchennykh-za-golosovanie-popal-na-video,–≠–ª–µ–∫—Ç–æ—Ä–∞—Ç –±–∏–¥–æ–Ω–∞!
https://point.md/ru/novosti/obschestvo/moment-ssory-grazhdan-iz-za-deneg-poluchennykh-za-golosovanie-popal-na-video,–û–Ω–∏ –ø—Ä–æ—Å—Ç–æ –¥—É–º–∞–ª–∏ —á—Ç–æ –Ω–∞ —ç—Ç–æ—Ç —Ä–∞–∑ –≤—Å–µ –±—É–¥–µ—Ç –ø–æ —á–µ—Å—Ç–Ω–æ–º—É.
https://point.md/ru/novosti/obschestvo/moment-ssory-grazhdan-iz-za-deneg-poluchennykh-za-golosovanie-popal-na-video,–ú–æ–ª—á–∏—Ç –æ–Ω —Ç–æ–∂–µ –≤ –æ—á–µ—Ä–µ–¥–∏ –±–∞–±–∫–∏ –∂–¥—ë—Ç:)
https://point.md/ru/novosti/obschestvo/moment-ssory-grazhdan-iz-za-deneg-poluchennykh-za-golosovanie-popal-na-video,"–±—Ö—Ö, –Ω–∞—Å—Ç–∞—Å—è –∑–∞–º—É—Ç–∏–ª –º–Ω–æ–≥–æ—Ö–æ–¥–æ–≤–æ—á–∫—É?) –Ω—É –∫–∞–∫–∏–µ —Å—Ç—Ä–∞—Ç–µ–≥–∏, —Ç–∞–∫–∏–µ –∏ —Ä–æ–ª–∏–∫–∏)"
https://point.md/ru/novosti/obschestvo/moment-ssory-grazhdan-iz-za-deneg-poluchennykh-za-golosovanie-popal-na-video,"–î–∞ —á—Ç–æ –≤—ã –≥–æ–≤–æ—Ä–∏—Ç–µ —Ç–∞–º –æ–Ω–∏ –≤—Å–µ –≤ –æ–¥–Ω–æ–º –∫–ª–∞–Ω–µ —Ç–æ–∫–∞ —Ä–∞–∑–Ω—ã–µ –Ω–∞–∑–≤–∞–Ω–∏—è —Å–æ—Ü–∏–∫–∏ –¥–µ–º–æ–∫—Ä–∞—Ç—ã –¥–∞—à–Ω–∏–∫–∏ –ª–∏–±–µ—Ä–∞—à—Ç—ã, –≤—Å–µ –æ–¥–∏–Ω –∫–ª–∞–Ω –ø—Ä–∏–¥—É–º–∞–ª–∏ —á—Ç–æ–± –Ω–∞—Ä–æ–¥ –¥—É—Ä–∏—Ç—å"
https://point.md/ru/novosti/obschestvo/moment-ssory-grazhdan-iz-za-deneg-poluchennykh-za-golosovanie-popal-na-video,"–í –ü–ú–† –∂–∏–≤—É—Ç –ø–æ—Ä—è–¥–æ—á–Ω—ã–µ –ª—é–¥–∏, –≤ –æ—Ç–ª–∏—á–∏–∏ –æ—Ç —Ä—É–º—ã–Ω, –∞ —ç—Ç–∏ —Ñ–µ–π–∫–∏ –¥–ª—è –∏–¥–∏–æ—Ç–æ–≤!"
https://point.md/ru/novosti/obschestvo/moment-ssory-grazhdan-iz-za-deneg-poluchennykh-za-golosovanie-popal-na-video,–ü—Ö–∞! –ß–µ—Ä—Ç–∏!
https://point.md/ru/novosti/obschestvo/moment-ssory-grazhdan-iz-za-deneg-poluchennykh-za-golosovanie-popal-na-video,–î–æ–¥–æ–Ω –¥–Ω–∏—â–µ
https://point.md/ru/novosti/obschestvo/moment-ssory-grazhdan-iz-za-deneg-poluchennykh-za-golosovanie-popal-na-video,–ë–æ–±–∏–∫ –Ω–∞ –ø–∞—ë–∫ —Å–µ–≥–æ–¥–Ω—è –∑–∞—Ä–∞–±–æ—Ç–∞–ª –≤–æ–Ω —Ü–µ–ª—ã–π –¥–µ–Ω—å —Ç—Ä–æ–ª–ª–∏—Ç))
https://point.md/ru/novosti/obschestvo/moment-ssory-grazhdan-iz-za-deneg-poluchennykh-za-golosovanie-popal-na-video,"–í—Ç–æ—Ä–æ–π —Ç—É—Ä –Ω–µ –∑–∞–≥–æ—Ä–∞–º–∏! –û–±–º–∞–Ω—É–≤ —Ä–∞–∑, –Ω–µ–ª—å–∑—è –±—É–¥–µ—Ç —Ä–∞—Å—á–∏—Ç—ã–≤–∞—Ç—å –Ω–∞ –∏—Ö –ø–æ—Ç–¥–µ—Ä–∂–∫—É!"
https://point.md/ru/novosti/obschestvo/moment-ssory-grazhdan-iz-za-deneg-poluchennykh-za-golosovanie-popal-na-video,–ø–æ—Å—Ç–∞–Ω–æ–≤–∫–∞
https://point.md/ru/novosti/obschestvo/moment-ssory-grazhdan-iz-za-deneg-poluchennykh-za-golosovanie-popal-na-video,"–∞ –∫–∞–∫ –≤—ã –ø–æ–Ω—è–ª–∏ , —á—Ç–æ –æ–Ω–∏ –∑–∞ –¥–æ–¥–æ–Ω–∞"
https://point.md/ru/novosti/obschestvo/moment-ssory-grazhdan-iz-za-deneg-poluchennykh-za-golosovanie-popal-na-video,–ú–∞–π—è —Ç–∞–∫ –Ω–µ —É–Ω–∏–∑–∏—Ç—Å—è. –ß—Ç–æ–± –ø–æ–¥–∫—É–ø–∞—Ç—å –≥–æ–ª–æ—Å–∞
https://point.md/ru/novosti/politika/izbirateli-iz-pridnestrov-ia-na-uchastke-sprosili-gde-mozhno-poluchit-den-gi-za-golosovanie,–Ω–∞—á–∏–Ω–∞–µ—Ç—Å—è
https://point.md/ru/novosti/politika/izbirateli-iz-pridnestrov-ia-na-uchastke-sprosili-gde-mozhno-poluchit-den-gi-za-golosovanie,–£ –∫—É–ª—å–∫–∞ —Å–ø—Ä–æ—Å–∏—Ç–µ –æ–Ω –≤–∞–º –≤—ã–¥–∞—Å—Ç —Å—É—Ö–æ–π –ø–∞–µ–∫ –±–∞—Ä–∞–Ω—ã
https://point.md/ru/novosti/politika/izbirateli-iz-pridnestrov-ia-na-uchastke-sprosili-gde-mozhno-poluchit-den-gi-za-golosovanie,–ö–∞—Å—Å–∞ - —Ç–∞–º!!
https://point.md/ru/novosti/politika/izbirateli-iz-pridnestrov-ia-na-uchastke-sprosili-gde-mozhno-poluchit-den-gi-za-golosovanie,–ï—Å–ª–∏ –ø—Ä–µ–∑–∏–¥–µ–Ω—Ç –Ω–∏–∫—á—ë–º–Ω—ã–π —Ç–æ –∏ –≤–µ–∑–¥–µ –≤ —Å—Ç—Ä–∞–Ω–µ –±–∞—Ä–¥–∞–∫
https://point.md/ru/novosti/politika/izbirateli-iz-pridnestrov-ia-na-uchastke-sprosili-gde-mozhno-poluchit-den-gi-za-golosovanie,–†–µ–∞–ª—å–Ω–æ –±–∞—Ä–∞–Ω—ã!!!
https://point.md/ru/novosti/politika/izbirateli-iz-pridnestrov-ia-na-uchastke-sprosili-gde-mozhno-poluchit-den-gi-za-golosovanie,–ï—Å–ª–∏ –≤—ã–π–≥—Ä–∞–µ—Ç –î–æ–¥–æ–Ω –≤—Å–µ —É–µ–¥–∏–º –∑–∞ –∫–æ—Ä–¥–æ–Ω
https://point.md/ru/novosti/politika/izbirateli-iz-pridnestrov-ia-na-uchastke-sprosili-gde-mozhno-poluchit-den-gi-za-golosovanie,–ó–∞ –±–∏–¥–æ–Ω –≥–∞–∑–∞ —Ä–æ–¥–∏–Ω—É –ø—Ä–æ–¥–∞–¥—É—Ç!
https://point.md/ru/novosti/politika/izbirateli-iz-pridnestrov-ia-na-uchastke-sprosili-gde-mozhno-poluchit-den-gi-za-golosovanie,"–õ–∏–±–æ —É–º—Å—Ç–≤–µ–Ω–Ω–æ –æ—Ç—Å—Ç–∞–ª—ã–µ, –ª–∏–±–æ –ø—Ä–æ–≤–æ–∫–∞—Ç–æ—Ä—ã..."
https://point.md/ru/novosti/politika/izbirateli-iz-pridnestrov-ia-na-uchastke-sprosili-gde-mozhno-poluchit-den-gi-za-golosovanie,+++++++ )))))))) ....
https://point.md/ru/novosti/politika/izbirateli-iz-pridnestrov-ia-na-uchastke-sprosili-gde-mozhno-poluchit-den-gi-za-golosovanie,–ù–µ—Ç —Å–ª–æ–≤
https://point.md/ru/novosti/politika/izbirateli-iz-pridnestrov-ia-na-uchastke-sprosili-gde-mozhno-poluchit-den-gi-za-golosovanie,–Ø –≥–æ–ª–æ—Å–æ–≤–∞–ª –∑–∞ –õ–í–ö–ê–®–ï–ù–ö–û üôÇ
https://point.md/ru/novosti/politika/izbirateli-iz-pridnestrov-ia-na-uchastke-sprosili-gde-mozhno-poluchit-den-gi-za-golosovanie,–ø–æ–∑–æ—Ä–∏—â–µ
https://point.md/ru/novosti/politika/izbirateli-iz-pridnestrov-ia-na-uchastke-sprosili-gde-mozhno-poluchit-den-gi-za-golosovanie,–ö–ª–∞—Å—Å!)
https://point.md/ru/novosti/politika/izbirateli-iz-pridnestrov-ia-na-uchastke-sprosili-gde-mozhno-poluchit-den-gi-za-golosovanie,–¥–≤–∞ –≤ –æ–¥–Ω–æ–º..
https://point.md/ru/novosti/politika/izbirateli-iz-pridnestrov-ia-na-uchastke-sprosili-gde-mozhno-poluchit-den-gi-za-golosovanie,–°–æ–≥–ª–∞—Å–µ–Ω
https://point.md/ru/novosti/politika/izbirateli-iz-pridnestrov-ia-na-uchastke-sprosili-gde-mozhno-poluchit-den-gi-za-golosovanie,–ü—Ä–∏–¥–Ω–µ—Å—Ç—Ä–æ–≤—Ü—ã:)
https://point.md/ru/novosti/politika/izbirateli-iz-pridnestrov-ia-na-uchastke-sprosili-gde-mozhno-poluchit-den-gi-za-golosovanie,–•–æ—Ä–æ—à–æ —á—Ç–æ –Ω–µ –≥–æ–ª–æ—Å–æ–≤–∞–ª–∏!!!!
https://point.md/ru/novosti/politika/izbirateli-iz-pridnestrov-ia-na-uchastke-sprosili-gde-mozhno-poluchit-den-gi-za-golosovanie,"–ì–¥–µ , –≥–¥–µ –Ω–∞ –ö–æ–ª—ã–º–µ ! –í—Å–µ—Ö –≤ —Ç–æ–≤–∞—Ä–Ω—è–∫ –∑–∞ –¥–µ–Ω—å–≥–∞–º–∏ !"
https://point.md/ru/novosti/politika/izbirateli-iz-pridnestrov-ia-na-uchastke-sprosili-gde-mozhno-poluchit-den-gi-za-golosovanie,–¢—É—Ç —É–∂–µ –ø–µ—Ä–µ–∏–≥—Ä—ã–≤–∞—é—Ç —Ä–æ–ª—å.
https://point.md/ru/novosti/politika/izbirateli-iz-pridnestrov-ia-na-uchastke-sprosili-gde-mozhno-poluchit-den-gi-za-golosovanie,–∞—Ö–∞—Ö–∞—Ö–∞ –∞–∞–∞–∞–∞—Ö–∞—Ö–∞—Ö–∞
https://point.md/ru/novosti/politika/izbirateli-iz-pridnestrov-ia-na-uchastke-sprosili-gde-mozhno-poluchit-den-gi-za-golosovanie,–£ –î–æ–¥–æ–Ω–∞ —É–±–ª—é–¥–∫–∏
https://point.md/ru/novosti/politika/izbirateli-iz-pridnestrov-ia-na-uchastke-sprosili-gde-mozhno-poluchit-den-gi-za-golosovanie,–í –ú–æ–ª–¥–æ–≤–µ —á–µ–º –¥–∞–ª—å—à–µ —Ç–µ–º –≥—Ä—è–∑–Ω–µ–µ –ø—Ä–æ–∏—Å—Ö–æ–¥—è—Ç –≤—ã–±–æ—Ä—ã
https://point.md/ru/novosti/politika/izbirateli-iz-pridnestrov-ia-na-uchastke-sprosili-gde-mozhno-poluchit-den-gi-za-golosovanie,"–û—Ç–¥–∞–π—Ç–µ –Ω–∞–º –±–∞—Ç—å–∫—É –Ω–∞ 4 –≥–æ–¥–∞ , –≤–æ—Ç —Ç–æ–≥–¥–∞ –Ω–∞—Ä–æ–¥ –ø–æ–π–º—ë—Ç"
https://point.md/ru/novosti/politika/izbirateli-iz-pridnestrov-ia-na-uchastke-sprosili-gde-mozhno-poluchit-den-gi-za-golosovanie,"–ê –º—ã –Ω–µ –ø–æ–Ω–∏–º–∞–ª–∏ –∑–∞—á–µ–º –∫—É–ª—å–∫–∏...–≤–æ—Ç –æ—Ç–≤–µ—Ç..–î–æ–¥–æ –ª–∏—á–Ω–æ —Ä–∞–∑–¥–∞–µ—Ç ..–ö—Å—Ç–∞—Ç–∏, –æ–±–µ—â–∞–ª–∏ 400 –ª–µ–π..–¥–∞–≤–∞–ª–∏ –ø–æ 100!!"
https://point.md/ru/novosti/politika/izbirateli-iz-pridnestrov-ia-na-uchastke-sprosili-gde-mozhno-poluchit-den-gi-za-golosovanie,–ü–æ—á–µ–º—É –Ω–µ –≤—ã—Å—Ç–∞–≤–ª—è—é—Ç –≤–∏–¥–µ–æ —Ä–æ–ª–∏–∫–∏ —Å —ç—Ç–∏–º–∏ –ª—é–¥—å–º–∏?
https://point.md/ru/novosti/politika/izbirateli-iz-pridnestrov-ia-na-uchastke-sprosili-gde-mozhno-poluchit-den-gi-za-golosovanie,–¢–∞–∫–æ–≥–æ –µ—â–µ –Ω–µ –±—ã–ª–æ –≤ –∏—Å—Ç–æ—Ä–∏–∏ –†–ú!
https://point.md/ru/novosti/politika/izbirateli-iz-pridnestrov-ia-na-uchastke-sprosili-gde-mozhno-poluchit-den-gi-za-golosovanie,"–∏ —Å—Ä–∞–∑—É —Å–∫–∞–∑–∞–ª–∏, —á—Ç–æ –≥–æ–ª–æ—Å–æ–≤–∞–ª–∏ –∑–∞ –¥–∏–ª–¥–æ, –∞—à–∞–π –ø—Ä–æ–ª–µ–∫—Å?"
https://point.md/ru/novosti/politika/izbirateli-iz-pridnestrov-ia-na-uchastke-sprosili-gde-mozhno-poluchit-den-gi-za-golosovanie,–§–∞–Ω—Ç–∞–∑–∏–∏ Promo-Lex. –ú–æ–≥–ª–∏ –±—ã —á—Ç–æ-—Ç–æ –∏ –ø–æ–ª—É—á—à–µ –ø—Ä–∏–¥—É–º–∞—Ç—å.
https://point.md/ru/novosti/politika/izbirateli-iz-pridnestrov-ia-na-uchastke-sprosili-gde-mozhno-poluchit-den-gi-za-golosovanie,"–Ω–µ –ª—é–¥–∏, –∞ –ª—é–¥–∏—à–∫–∏, —Å—Ç—Ä–∞–Ω–∞ –ø—Ä–æ–¥–∞–∂–Ω—ã—Ö –ø—Ä–∞–≤–∏—Ç–µ–ª–µ–π, —á–µ–≥–æ –∂–µ –∂–¥–∞—Ç—å –æ—Ç —Ä—è–¥–æ–≤—ã—Ö –≥—Ä–∞–∂–¥–∞–Ω???"
https://point.md/ru/novosti/politika/izbirateli-iz-pridnestrov-ia-na-uchastke-sprosili-gde-mozhno-poluchit-den-gi-za-golosovanie,–ë–∞—Ä–∞–Ω—ã –ø–æ—Ç–æ–º –±—É–¥—É—Ç –Ω—ã—Ç—å —á—Ç–æ —É –Ω–∏—Ö –≤—Å—ë –ø–ª–æ—Ö–æ
https://point.md/ru/novosti/politika/izbirateli-iz-pridnestrov-ia-na-uchastke-sprosili-gde-mozhno-poluchit-den-gi-za-golosovanie,–î–æ–±—Ä–æ –ø–æ–∂–∞–ª–æ–≤–∞—Ç—å –≤ –∫—É–ª—ë—á–Ω—É—é —Ä–µ–∞–ª—å–Ω–æ—Å—Ç—å!
https://point.md/ru/novosti/politika/izbirateli-iz-pridnestrov-ia-na-uchastke-sprosili-gde-mozhno-poluchit-den-gi-za-golosovanie,–ü—Ä–∏–¥–Ω–µ—Å—Ç–æ—Ñ—Ñ–∏–∫–∏..... –ß—Ç–æ —Ç—É—Ç —Å–∫–∞–∂–µ—à—å...
https://point.md/ru/novosti/politika/izbirateli-iz-pridnestrov-ia-na-uchastke-sprosili-gde-mozhno-poluchit-den-gi-za-golosovanie,–≠—Ç–æ –ø—Ä–æ–≤–æ–∫–∞—Ç–æ—Ä—ã
https://point.md/ru/novosti/politika/izbirateli-iz-pridnestrov-ia-na-uchastke-sprosili-gde-mozhno-poluchit-den-gi-za-golosovanie,–ü–æ—Å—Ä–µ–¥–Ω–∏–∫–∏...
https://point.md/ru/novosti/politika/izbirateli-iz-pridnestrov-ia-na-uchastke-sprosili-gde-mozhno-poluchit-den-gi-za-golosovanie,"–ò –¥–ª—è —ç—Ç–∏—Ö –≤—ã –µ—â—ë –≥–∞–∑ –±—É–¥–µ—Ç–µ –ø–ª–∞—Ç–∏—Ç—å, –∏ –Ω–µ —Ç–æ–ª—å–∫–æ.))"
https://point.md/ru/novosti/politika/izbirateli-iz-pridnestrov-ia-na-uchastke-sprosili-gde-mozhno-poluchit-den-gi-za-golosovanie,"–ü–æ—á–µ–º—É –∏–∑ —Ä—è–¥–∞ –≤–æ–Ω –≤—ã—Ö–æ–¥—è—â–∏–π?))) –õ—é–¥–∏ –Ω–∞—á–∏—Ç–∞–ª–∏—Å—å —Å–∞–Ω–¥–æ—Ç—Ä–æ–ª–µ–π –≤ –∏–Ω—Ç–µ—Ä–Ω–µ—Ç–µ —á—Ç–æ –∑–∞ –≥–æ–ª–æ—Å–æ–≤–∞–Ω–∏–µ –∏–º –∫—Ç–æ —Ç–æ –¥–∞—Å—Ç –¥–µ–Ω–µ–≥ –≤–æ—Ç –ø—Ä–∏–µ—Ö–∞–ª–∏ —É–≤–∏–¥–µ–ª–∏ —á—Ç–æ —Ç–∞–∫–æ–≥–æ –Ω–µ—Ç –Ω–µ –≥–æ–ª–æ—Å–æ–≤–∞–ª–∏ –∏ —É–µ—Ö–∞–ª–∏, —ç—Ç–æ—Ç —Å–ª—É—á–∞–π –∫–∞–∫ —Ä–∞–∑ –¥–æ–∫–∞–∑—ã–≤–∞–µ—Ç —á—Ç–æ –Ω–∏–∫—Ç–æ –Ω–µ –ø–ª–∞—Ç–∏—Ç, –ø—Ä–æ—Å—Ç–æ –ø–æ –∏–Ω—Ç–µ—Ä–Ω–µ—Ç—É —Ç—Ä–æ–ª–∏ —Ç–∞–∫—É—é —Ñ–∏–≥–Ω—é —Ä–∞—Å–ø—Ä–æ—Å—Ç—Ä–∞–Ω—è—é—Ç))"
https://point.md/ru/novosti/politika/izbirateli-iz-pridnestrov-ia-na-uchastke-sprosili-gde-mozhno-poluchit-den-gi-za-golosovanie,–ê –∑–∞ 30 –ª–µ—Ç –µ–≤—Ä–æ—É—Å–ø–µ—Ö–∞ –∏–∑ –∑–∞ –∫–æ–≥–æ —É–µ–∑–∂–∞–ª–∏ –∑–∞ –∫–æ—Ä–¥–æ–Ω?
https://point.md/ru/novosti/politika/izbirateli-iz-pridnestrov-ia-na-uchastke-sprosili-gde-mozhno-poluchit-den-gi-za-golosovanie,"–°–ª–æ–≤–∞–º –Ω–µ –≤–µ—Ä—é,–≥–¥–µ —Ñ–æ—Ç–æ –∏–ª–∏ –≤–∏–¥–µ–æ?"
https://point.md/ru/novosti/politika/izbirateli-iz-pridnestrov-ia-na-uchastke-sprosili-gde-mozhno-poluchit-den-gi-za-golosovanie,"–ü–†–û–í–û–ö–ê–¢–û–†–´,–≠–¢–û –ö–ê–ö–ò–ú–ò –ñ–ï –ù–ê–î–û –ë–´–¢–¨–¢–£–ü–´–ú–ò."
https://point.md/ru/novosti/politika/izbirateli-iz-pridnestrov-ia-na-uchastke-sprosili-gde-mozhno-poluchit-den-gi-za-golosovanie,"–ü–æ—á–µ–º—É –∏–∑ —Ä—è–¥–∞ –≤–æ–Ω –≤—ã—Ö–æ–¥—è—â–∏–π?))) –õ—é–¥–∏ –Ω–∞—á–∏—Ç–∞–ª–∏—Å—å —Å–∞–Ω–¥–æ—Ç—Ä–æ–ª–µ–π –≤ –∏–Ω—Ç–µ—Ä–Ω–µ—Ç–µ —á—Ç–æ –∑–∞ –≥–æ–ª–æ—Å–æ–≤–∞–Ω–∏–µ –∏–º –∫—Ç–æ —Ç–æ –¥–∞—Å—Ç –¥–µ–Ω–µ–≥ –≤–æ—Ç –ø—Ä–∏–µ—Ö–∞–ª–∏ —É–≤–∏–¥–µ–ª–∏ —á—Ç–æ —Ç–∞–∫–æ–≥–æ –Ω–µ—Ç –Ω–µ –≥–æ–ª–æ—Å–æ–≤–∞–ª–∏ –∏ —É–µ—Ö–∞–ª–∏, —ç—Ç–æ—Ç —Å–ª—É—á–∞–π –∫–∞–∫ —Ä–∞–∑ –¥–æ–∫–∞–∑—ã–≤–∞–µ—Ç —á—Ç–æ –Ω–∏–∫—Ç–æ –Ω–µ –ø–ª–∞—Ç–∏—Ç, –ø—Ä–æ—Å—Ç–æ –ø–æ –∏–Ω—Ç–µ—Ä–Ω–µ—Ç—É —Ç—Ä–æ–ª–∏ —Ç–∞–∫—É—é —Ñ–∏–≥–Ω—é —Ä–∞—Å–ø—Ä–æ—Å—Ç—Ä–∞–Ω—è—é—Ç))"
https://point.md/ru/novosti/obschestvo/eks-deputat-konstantin-tsutsu-i-ego-vozliublennaia-progolosovali-na-vyborakh,–ö—É–ª—ë–∫ –Ω–µ —Ä–∞—Å—Å–∫–∞–∂–µ—Ç –ø–æ—á–µ–º—É –¶—É—Ü—É –Ω–∞ —Å–≤–æ–±–æ–¥–µ?
https://point.md/ru/novosti/obschestvo/eks-deputat-konstantin-tsutsu-i-ego-vozliublennaia-progolosovali-na-vyborakh,"–°–ø–∞—Å–∏–±–æ —Ä–µ–∂–∏–º—É –¥–æ–¥–æ-–ø–ª–∞—Ö–∞, —á—Ç–æ –≤—ã–ø—É—Å—Ç–∏–ª –≤—Å–µ—Ö —É–≥–æ–ª–æ–≤–Ω–∏–∫–æ–≤"
https://point.md/ru/novosti/obschestvo/eks-deputat-konstantin-tsutsu-i-ego-vozliublennaia-progolosovali-na-vyborakh,–û–Ω –¥–æ–ª–∂–µ–Ω –≥–æ–ª–æ—Å–æ–≤–∞—Ç—å –∏–∑ –∫–∞–º–µ—Ä—ã!!! –ü–æ—á–µ–º—É –æ–Ω –µ—â—ë –Ω–µ —Ç–∞–º?
https://point.md/ru/novosti/obschestvo/eks-deputat-konstantin-tsutsu-i-ego-vozliublennaia-progolosovali-na-vyborakh,–°—Ö–æ–¥–∏—Ç—å –ø—Ä–æ–≤–µ—Ä–∏—Ç—å –Ω–µ —Ö–æ—á–µ—à—å?))
https://point.md/ru/novosti/obschestvo/eks-deputat-konstantin-tsutsu-i-ego-vozliublennaia-progolosovali-na-vyborakh,"–ö—É–ª—å–æ–∫ –ù–∏–∫–æ–ª–∞–µ–≤–∏—á –≤—Å–µ—Ö –±–∞–Ω–¥–∏—Ç–æ–≤ –æ—Ç–ø—É—Å—Ç–∏–ª, —á—Ç–æ–±—ã –∑–∞ –Ω–µ–≥–æ –≥–æ–ª–æ—Å–æ–≤–∞–ª–∏!–≠—Ç–∏ —Å –ü–ò–î–†–Ω–µ—Å—Ç—Ä–æ–≤–∏—è —Ç–æ–∂–µ ,–ø—Ä–æ–¥–∞–∂–Ω—ã–µ...—Ö–æ—Ç—è —á—Ç–æ –æ–∂–∏–¥–∞—Ç—å –æ—Ç —Å–µ–ø–∞—Ä–æ–≤"
https://point.md/ru/novosti/obschestvo/eks-deputat-konstantin-tsutsu-i-ego-vozliublennaia-progolosovali-na-vyborakh,–û—á–µ–Ω—å –≤–∞–∂–Ω–∞—è –∏–Ω—Ñ–æ—Ä–º–∞—Ü–∏—è... –¢–µ–ø–µ—Ä—å –∏–¥—É —Å–ø–∞—Ç—å.
https://point.md/ru/novosti/obschestvo/eks-deputat-konstantin-tsutsu-i-ego-vozliublennaia-progolosovali-na-vyborakh,–û–Ω –¥–æ–ª–∂–µ–Ω –±—ã–ª –≥–æ–ª–æ—Å–æ–≤–∞—Ç—å –∏–∑ —Ç—é—Ä—å–º—ã .
https://point.md/ru/novosti/obschestvo/eks-deputat-konstantin-tsutsu-i-ego-vozliublennaia-progolosovali-na-vyborakh,–ü–æ—á–µ–º—É –æ–Ω –Ω–µ –≤ —Ç—é—Ä—å–º–µ??
https://point.md/ru/novosti/obschestvo/eks-deputat-konstantin-tsutsu-i-ego-vozliublennaia-progolosovali-na-vyborakh,"–•–æ—Ä–æ—à–æ ,—á—Ç–æ –Ω–∏ —Å –∫–µ–º –Ω–µ –ø–æ–¥—Ä–∞–ª–∏—Å—å ...)))"
https://point.md/ru/novosti/obschestvo/eks-deputat-konstantin-tsutsu-i-ego-vozliublennaia-progolosovali-na-vyborakh,–∫–∞–∫ –¥–æ–ª–≥–æ –º—ã –∂–¥–∞–ª–∏ —ç—Ç—É –Ω–æ–≤–æ—Å—Ç—å! –∞–ª–∏–ª—É—è
https://point.md/ru/novosti/obschestvo/eks-deputat-konstantin-tsutsu-i-ego-vozliublennaia-progolosovali-na-vyborakh,–î—è—Ç—ã—Ç–∞!!!!
https://point.md/ru/novosti/obschestvo/eks-deputat-konstantin-tsutsu-i-ego-vozliublennaia-progolosovali-na-vyborakh,"–ö–∞–∫–∞—è ""–≤–∞–∂–Ω–∞—è"" –∏–Ω—Ñ–æ—Ä–º–∞—Ü–∏—è. –ü–æ—á–µ–º—É –ø—Ä–æ –º–µ–Ω—è –Ω–µ –Ω–∞–ø–∏—Å–∞–ª–∏ - –Ω–µ —Ö–æ—Ä–æ—à–æ –≥–æ—Å–ø–æ–¥–∞ –ø–æ—Å—Ç—É–ø–∞–µ—Ç–µ!"
https://point.md/ru/novosti/obschestvo/eks-deputat-konstantin-tsutsu-i-ego-vozliublennaia-progolosovali-na-vyborakh,–ü–æ—á–µ–º—É —É–±–∏–π—Ü–∞ –∏ —Å–æ—É—á–∞—Å—Ç–Ω–∏–∫ –≤ –∫—Ä–∞–∂–µ –≤–µ–∫–∞ –Ω–µ –≥–æ–ª–æ—Å—É–µ—Ç –∏–∑ –∫–∞–º–µ—Ä—ã ???
https://point.md/ru/novosti/obschestvo/eks-deputat-konstantin-tsutsu-i-ego-vozliublennaia-progolosovali-na-vyborakh,"–¥–∞–≤–∞–π, –¥–æ–¥–æ–ø–æ–¥–≤–∞–ª.. –æ–±–µ–ª—è–π –∫—É–ª—å–∫–∞, –∫–æ—Ç–æ—Ä—ã–π –≤—ã–ø—É—Å—Ç–∏–ª –≤—Å–µ—Ö –≤–æ—Ä–æ–≤ –∏ —É–±–π—Ü.."
https://point.md/ru/novosti/obschestvo/eks-deputat-konstantin-tsutsu-i-ego-vozliublennaia-progolosovali-na-vyborakh,–∞–ª—å—Ñ–∞ —Å–∞–º–∫–∞ –∑–∞–≤–æ–µ–≤–∞–ª–∞ —Ü—É—Ü—É ...–≤ –±–∏—Ç–≤–µ —Å—Ç–æ—è–Ω–æ—á–Ω–∞—è –¥–æ–ª–∏–Ω–∞
https://point.md/ru/novosti/obschestvo/eks-deputat-konstantin-tsutsu-i-ego-vozliublennaia-progolosovali-na-vyborakh,–ü–æ—á–µ–º—É —ç—Ç–æ –∫–ª–æ—É–Ω –Ω–µ –≤ —Ç—é—Ä—å–º–µ..
https://point.md/ru/novosti/obschestvo/eks-deputat-konstantin-tsutsu-i-ego-vozliublennaia-progolosovali-na-vyborakh,–§—É—É—É... —ç—Ç–æ –∂–µ –µ—â–µ 11-—ã–π iPhone —É —Ç—ë–ª–∫–∏ –≤ —Ä—É–∫–µ. –ì–æ–ª–æ–¥—Ä–∞–Ω—Ü—ã !
https://point.md/ru/novosti/obschestvo/eks-deputat-konstantin-tsutsu-i-ego-vozliublennaia-progolosovali-na-vyborakh,–ª–∏—à–Ω–µ–µ –¥–æ–∫–∞–∑–∞—Ç–µ–ª—å—Å—Ç–≤–æ –∫–∞–∫ —Ä–∞–±–æ—Ç–∞–µ—Ç —Å–∏—Å—Ç–µ–º–∞
https://point.md/ru/novosti/obschestvo/eks-deputat-konstantin-tsutsu-i-ego-vozliublennaia-progolosovali-na-vyborakh,No comment
https://point.md/ru/novosti/obschestvo/eks-deputat-konstantin-tsutsu-i-ego-vozliublennaia-progolosovali-na-vyborakh,"–ê —á–µ —Ç–æ–∫–∞ —Å –æ–¥–Ω–æ–π? –¶—É—Ü—É (–∫—Ä–∞—Å–∏–≤–æ–µ –∏–º—è, –Ω–µ –æ—Ç–Ω—è—Ç—å) –Ω–∞–¥–æ –±—ã–ª–æ –≤–µ—Å—å –≥–∞—Ä–µ–º –ø—Ä–∏—Ç–∞—â–∏—Ç—å..."
https://point.md/ru/novosti/obschestvo/eks-deputat-konstantin-tsutsu-i-ego-vozliublennaia-progolosovali-na-vyborakh,"–£–º–∏–ª—è—é—Ç, –ø–æ–¥–æ–±–Ω—ã–µ –º—É–ª—å–∫–∏,—Ç–∏–ø–∞ –î–∂—É–ª—å–µ—Ç–∞ –ú—ç—Ç—Ä–µ–≥—É–Ω—ç, –õ–æ—Ä–µ–¥–∞–Ω–∞ –®–∞–ø—Ç–µ—Ñ—Ä–∞—Ü—å, –ú–∏—Ä–∞–±–µ–ª–∞ –ü—É—Ä—á–µ–ª –∏ –ø—Ä–æ—á–∏–µ —à–µ–¥–µ–≤—Ä—ã,—Ä–æ–¥–∏—Ç–µ–ª—å—Å–∫–æ–π –≥–ª—É–ø–æ—Å—Ç–∏."
https://point.md/ru/novosti/obschestvo/eks-deputat-konstantin-tsutsu-i-ego-vozliublennaia-progolosovali-na-vyborakh,"–∞—Ä—Ö–∏–≤–∞–∂–Ω–∞—è –∏–Ω—Ñ–æ—Ä–º–∞—Ü–∏—è, —Ç–µ–ø–µ—Ä—å —Ç–æ—á–Ω–æ –≤—ã–±–æ—Ä—ã —Å–æ—Å—Ç–æ—è–ª–∏—Å—å !"
https://point.md/ru/novosti/obschestvo/eks-deputat-konstantin-tsutsu-i-ego-vozliublennaia-progolosovali-na-vyborakh,–¢—ã —Å–ø—Ä–æ—Å–∏ —É –µ–≥–æ –ª–∏–∑—É–Ω–æ–≤ —Ä–∞–±–æ–≤
https://point.md/ru/novosti/obschestvo/eks-deputat-konstantin-tsutsu-i-ego-vozliublennaia-progolosovali-na-vyborakh,"–¶—É—Ü—É –æ—Ç–¥–∞–ª –∫–æ–Ω—Ç—Ä–æ–ª—å–Ω—É—é –¥–æ–ª—é –≤–∏–ª–∫–µ –§—É—Ä–∫—É–ª–∏—Ü–∞ –¥–æ–¥–æ–Ω–∞, –ø–æ —Å–∏–≥–∞—Ä–µ—Ç–∞–º –∫–æ–Ω—Ç—Ä–∞–±–∞—Å–∞"
https://point.md/ru/novosti/obschestvo/eks-deputat-konstantin-tsutsu-i-ego-vozliublennaia-progolosovali-na-vyborakh,–¢–æ –µ—Å—Ç—å –≤–∏–æ—Ä–µ–∫—Å –∫–∞–∫ —É —Ç–µ–±—è –∏–ª–∏ –¥—å—é—Ä–µ–∫—Å –∑–≤—É—á–∏—Ç –ª—É—á—à–µ?)))
https://point.md/ru/novosti/obschestvo/eks-deputat-konstantin-tsutsu-i-ego-vozliublennaia-progolosovali-na-vyborakh,"–ï—Å–ª–∏ –≤—Å–µ—Ö —Ç–∞—â–∏—Ç—å —Ç–æ –º–æ–≥—É—Ç –≤—Å—Ç—Ä–µ—Ç–∏—Ç—å –∂—ë–Ω –ø–æ–ª–æ–≤–∏–Ω—ã –ø–∞—Ä–ª–∞–º–µ–Ω—Ç–∞ ,–Ω–µ—É–¥–æ–±–Ω—ã–µ –±—É–¥–µ—Ç"
https://point.md/ru/novosti/obschestvo/eks-deputat-konstantin-tsutsu-i-ego-vozliublennaia-progolosovali-na-vyborakh,–ú—É–ª—å—Ç–∏—Ç–∫–∏ –º–µ—Å—Ç—Ä–æ–≥–æ —Ä–∞–∑–ª–∏–≤–∞ –∏ –æ–±–ª–∏–∫–µ –ü–æ–ª–∏—Ç—É—Ä–æ–¥–∞.
https://point.md/ru/novosti/obschestvo/eks-deputat-konstantin-tsutsu-i-ego-vozliublennaia-progolosovali-na-vyborakh,–ë—É–¥—É—â–∞—è –ë–∏–∞—Ç—Ä–∏—Å –¶—É—Ü—É?
https://point.md/ru/novosti/obschestvo/eks-deputat-konstantin-tsutsu-i-ego-vozliublennaia-progolosovali-na-vyborakh,–¶—ã–ø–∞ –∏ –¶—É—Ü—É. –•–æ—Ä–æ—à–æ —á—Ç–æ –Ω–µ –ø–æ —Ü–∞–ø–∞–ª–∏—Å—å —Å –¶—ã–∫—É –Ω–∞ —É—á–∞—Å—Ç–∫–µ. )))
https://point.md/ru/novosti/obschestvo/eks-deputat-konstantin-tsutsu-i-ego-vozliublennaia-progolosovali-na-vyborakh,"–ë–ª–∞–≥–æ–¥–∞—Ä—è –î–æ–¥–æ–Ω—É, –ü–ª–∞—Ö–∏ –∏ –®–æ—Ä–∞ –Ω–µ—Ç –≤ —Å—Ç—Ä–∞–Ω–µ –∏ –æ–Ω–∏ –±–æ—è—Ç—Å—è –≤ –Ω–µ–µ –≤–æ–∑–≤—Ä–∞—â–∞—Ç—å—Å—è. –≠—Ç–æ —Ñ–∞–∫—Ç, –∞ —Ç–µ –≤–∞—à–∏ –≤–∞—Ä–∏–∞–Ω—Ç—ã –ø—Ä–æ –∫—É–ª—å–∫–∏ –∏ —Å–æ—é–∑—ã –¥–æ–¥–æ–ø–ª–∞—Ö–∏ - –ø—É—Å—Ç–æ–π —Ñ–µ–π–∫. –ü–æ–∫–∞–∂–∏ –≤–∏–¥–µ–æ –≥–¥–µ –î–æ–¥–æ–Ω –¥–µ—Ä–∂–∏—Ç —ç—Ç–æ—Ç –∫—É–ª–µ–∫ –≤ —Ä—É–∫–∞—Ö –∏ —Ç–µ–º –±–æ–ª–µ–µ —á—Ç–æ –≤ –Ω—ë–º."
https://point.md/ru/novosti/obschestvo/eks-deputat-konstantin-tsutsu-i-ego-vozliublennaia-progolosovali-na-vyborakh,–∑–∞—á–µ–º –Ω–∞–º —ç—Ç–∞ –∏–Ω—Ñ–æ—Ä–º–∞—Ü–∏—è?!
https://point.md/ru/novosti/obschestvo/eks-deputat-konstantin-tsutsu-i-ego-vozliublennaia-progolosovali-na-vyborakh,–≠—Ç–æ —Ç–æ—á–Ω–æ –¥–µ–≤—É—à–∫–∞?–±—Ä–æ–≤–∏ —Ç—Ä–∞–Ω—Å–∞..–±—É–¥—Ç–æ —Ü—É—Ü—É —Å –∫—Ä–∞—à–µ–Ω—ã–º –º—É–∂–∏–∫–æ–º –≤ –º–µ—Ö–µ —Å—Ç–æ–∏—Ç
https://point.md/ru/novosti/obschestvo/eks-deputat-konstantin-tsutsu-i-ego-vozliublennaia-progolosovali-na-vyborakh,–ú–∞—Ä–µ–∫—ç–∫–∞—Ç
https://point.md/ru/novosti/obschestvo/eks-deputat-konstantin-tsutsu-i-ego-vozliublennaia-progolosovali-na-vyborakh,"–í—Å–µ–º, –¶–´–¶! –ê —Ç–æ –¶—É—Ü—É —Ä–∞–∑–æ–∑–ª–∏–¶–¶–∞. –ö–ª–æ—É–Ω –º–ª—è."
https://point.md/ru/novosti/obschestvo/eks-deputat-konstantin-tsutsu-i-ego-vozliublennaia-progolosovali-na-vyborakh,"–•–æ—Ä–æ—à–∞—è, –¥–∞–∂–µ –æ—á–µ–Ω—å , –Ω–æ –Ω–µ —Ä—è–¥–æ–º —Å —ç—Ç–∏–º —É—Ç—ã—Ä–∫–æ–º"
https://point.md/ru/novosti/obschestvo/eks-deputat-konstantin-tsutsu-i-ego-vozliublennaia-progolosovali-na-vyborakh,"–Ω–µ—Ç –Ω–µ —Ä–∞—Å—Å–∫–∞–∂–µ—Ç, –º–æ–∂–µ—à—å –∑–∞–¥–∞—Ç—å –≤–æ–ø—Ä–æ—Å —Å—É–¥—å–µ –≤—ã–Ω–µ—Å—à–µ–µ —Ç–∞–∫–æ–µ —Ä–µ—à–µ–Ω–∏–µ"
https://point.md/ru/novosti/obschestvo/eks-deputat-konstantin-tsutsu-i-ego-vozliublennaia-progolosovali-na-vyborakh,–ë–µ–∞—Ç—Ä–∏–∫—Å —ç—Ç–æ –∫–æ—Ç–æ—Ä–∞—è —Å –û–±–µ–ª–∏–∫—Å–æ–º –∏ –ê—Å—Ç–µ—Ä–∏–∫—Å–æ–º? –ò–ª–∏–∏—ç—Ç–æ –¥—Ä—É–≥–∞—è –∏—Å—Ç–æ—Ä–∏—è?
https://point.md/ru/novosti/obschestvo/eks-deputat-konstantin-tsutsu-i-ego-vozliublennaia-progolosovali-na-vyborakh,–°–ø–∞—Å–∏–±–æ –∑–∞ –Ω–æ–≤–æ—Å—Ç—å. –ë–ª–µ–≤–∞–Ω—É–ª –æ—Ç –¥—É—à–∏
https://point.md/ru/novosti/obschestvo/eks-deputat-konstantin-tsutsu-i-ego-vozliublennaia-progolosovali-na-vyborakh,–í–æ–æ–±—â–µ-—Ç–æ –æ–Ω –≥–æ–ª–æ—Å–æ–≤–∞–ª –∑–∞ —Å–∞–Ω–¥—É!
https://point.md/ru/novosti/obschestvo/eks-deputat-konstantin-tsutsu-i-ego-vozliublennaia-progolosovali-na-vyborakh,–ë–µ–∞—Ç—Ä–∏—Å –ü–µ—Ç—Ä–∞–∫–∏ - –æ –±–æ–∂–µ.....
https://point.md/ru/novosti/lady/anishoara-login-soobshchila-o-svoei-beremennosti,–ü–æ–¥–∞—Ä–æ–∫ –∫—É–∫–æ–ª–¥—É-–ü—Ä—ã—â—É –∫ –≤—ã–±–æ—Ä–∞–º ))
https://point.md/ru/novosti/lady/anishoara-login-soobshchila-o-svoei-beremennosti,–û–± —ç—Ç–æ–º –Ω–∞–¥–æ –≤—Å–µ–º –∑–Ω–∞—Ç—å?
https://point.md/ru/novosti/lady/anishoara-login-soobshchila-o-svoei-beremennosti,"–∞—Ö–∞—Ö–∞))) –ø—Ä—è–º –¥–∞, –ø–æ–¥–∞—Ä–æ—á–µ–∫ –µ–º—É –ø—Ä–∏–ø–æ–¥–Ω–µ—Å–ª–∞))))))"
https://point.md/ru/novosti/lady/anishoara-login-soobshchila-o-svoei-beremennosti,–¢–µ–ø–µ—Ä—å –ü—Ä—ã—â–∞–≤—ã–π –ø–æ–≤–µ—Å–∏—Ç—Å—è!!
https://point.md/ru/novosti/lady/anishoara-login-soobshchila-o-svoei-beremennosti,–≠—Ç–æ –∫—Ç–æ?!
https://point.md/ru/novosti/lady/anishoara-login-soobshchila-o-svoei-beremennosti,–ó–∞–ª–æ–≥–∏–Ω–∏–ª–∞—Å—å?
https://point.md/ru/novosti/lady/anishoara-login-soobshchila-o-svoei-beremennosti,–í—Å–µ–º —Ä–∞–¥–æ–≤–∞—Ç—å—Å—è...
https://point.md/ru/novosti/lady/anishoara-login-soobshchila-o-svoei-beremennosti,–ù—É —ç—Ç–æ –Ω–µ –ü–µ –¥–æ—Ä–∏–Ω
https://point.md/ru/novosti/lady/anishoara-login-soobshchila-o-svoei-beremennosti,"–∫–æ–º—É –Ω–µ –Ω–∞–¥–æ –∑–Ω–∞—Ç—å,—Ç–µ –∏–¥—É—Ç –º–∏–º–æ –∏ —á–∏—Ç–∞—é—Ç —Ç–æ, —á—Ç–æ –∏–º –∏–Ω—Ç–µ—Ä–µ—Å–Ω–æ"
https://point.md/ru/novosti/lady/anishoara-login-soobshchila-o-svoei-beremennosti,"–ò–Ω—Ç–µ—Ä–µ—Å–Ω–æ, ,Log In –≤—ã—à–ª–∞ –∑–∞–º—É–∂ –∑–∞ Log Off?"
https://point.md/ru/novosti/lady/anishoara-login-soobshchila-o-svoei-beremennosti,–í—Ä–æ–¥—å –Ω–æ—Ä–º–∞–ª—å–Ω–∞—è —Å–∏–º–ø–∞—Ç–∏—á–Ω–∞—è –±–∞–±–∞ –∏ –∫–∞–∫ –µ–µ —É–≥–æ—Ä–∞–∑–¥–∏–ª–æ –∑–∞ –ø—Ä—ã—â–∞–≤–æ–≥–æ –¥—É—Ä–∏–Ω–∞ –≤—ã–π—Ç–∏ –∑–∞–º—É–∂? –ü–æ —Ö–æ–¥—É —Å–ø–æ—Ä –ø—Ä–æ–∏–≥—Ä–∞–ª–∞
https://point.md/ru/novosti/lady/anishoara-login-soobshchila-o-svoei-beremennosti,–ö–∞–∫ —Ä–∞–∑ –°–ê–Ω–¥—É —É—Å–ø–µ–µ—Ç —Å–¥–µ–ª–∞—Ç—å –Ω–µ—Ç—Ä–∞–¥–∏—Ü–∏–æ–Ω–∞–ª–∞ –∏–∑ —Ä–µ–±–µ–Ω–∫–∞
https://point.md/ru/novosti/lady/anishoara-login-soobshchila-o-svoei-beremennosti,–ê–≥–∞ –∏–∑–¥—Ä–æ—á–∏—Ç—Å—è –Ω–∞—Ñ–∏–≥))))
https://point.md/ru/novosti/lady/anishoara-login-soobshchila-o-svoei-beremennosti,"–ê,–∫—Ç–æ —ç—Ç–æ?"
https://point.md/ru/novosti/lady/anishoara-login-soobshchila-o-svoei-beremennosti,–ù–∞ —Ç–µ–±—è –≤ —Ç–æ–º —á–∏—Å–ª–µ))
https://point.md/ru/novosti/lady/anishoara-login-soobshchila-o-svoei-beremennosti,–∫–∞–∫–∞—è –≤–∞–∂–Ω–∞—è –¥–ª—è —Å—Ç—Ä–∞–Ω—ã –Ω–æ–≤–æ—Å—Ç—å!
https://point.md/ru/novosti/lady/anishoara-login-soobshchila-o-svoei-beremennosti,"–ü–æ–∫–∞–∂–∏ –º—É–∂–∏–∫, —á—Ç–æ —Ç—ã –º—É–∂–∏–∫, –∞ –Ω–µ .....))).... –ø–æ—Å–ª–µ –ö–∏—Ä—Ç–æ–∞–∫–∞ —Å–Ω–∞—á–∞–ª–∞ –±–µ—Ä–µ–º–µ–Ω–Ω–æ—Å—Ç—å, –∏ —Ç–æ–ª—å–∫–æ –ø–æ—Ç–æ–º —Å–≤–∞–¥—å–±–∞!!! ..."
https://point.md/ru/novosti/lady/anishoara-login-soobshchila-o-svoei-beremennosti,–ü—Ä—ã—â–∞–≤—ã–π –Ω–∞–ø—å–µ—Ç—Å—è —Å–µ–≥–æ–¥–Ω—è.
https://point.md/ru/novosti/lady/anishoara-login-soobshchila-o-svoei-beremennosti,–£ –º–µ–Ω—è –∂–µ–Ω–∞ –∑–∞–±–µ—Ä–µ–º–µ–Ω–µ–ª–∞. –ü–æ—á–µ–º—É –æ–± —ç—Ç–æ–º –Ω–µ –ø–∏—à–∏—Ç–µ?
https://point.md/ru/novosti/lady/anishoara-login-soobshchila-o-svoei-beremennosti,"–æ –±–æ–∂–µ, —ç—Ç–æ –µ—â–µ –∫—Ç–æ, —à–æ –∑–∞ –ê–Ω–∏—à–æ–∞—Ä–∞"
https://point.md/ru/novosti/lady/anishoara-login-soobshchila-o-svoei-beremennosti,–Ω–∞—Å—Ä–∞—Ç—å –Ω–∞ —ç—Ç—É —Å–æ–¥–µ—Ä–∂–∞–Ω–∫—É
https://point.md/ru/novosti/lady/anishoara-login-soobshchila-o-svoei-beremennosti,–ê–Ω–∏—à–æ–∞—Ä–∞ –õ–æ–≥–∏–Ω –∏ –ü–∞—Ä–æ–ª—å
https://point.md/ru/novosti/lady/anishoara-login-soobshchila-o-svoei-beremennosti,"–∂–µ–Ω–∞ —Ç–µ–ª–µ–≤–µ–¥—É—â–∞—è –∏–ª–∏ –±—ã–ª–∞ –∑–∞–º—É–∂–µ–º –∑–∞ –º—ç—Ä–æ–º?) —Ç–∞–º –µ—Å—Ç—å –∫–Ω–æ–ø–æ—á–∫–∞ –Ω–æ–≤–æ—Å—Ç—å –æ—Ç –ø–æ–ª—å–∑–æ–≤–∞—Ç–µ–ª—è, –º–æ–∂–µ—Ç –∏ –ø—Ä–æ –≤–∞—à—É –∂–µ–Ω—É –Ω–∞–ø–∏—à—É—Ç –æ–Ω–∏)"
https://point.md/ru/novosti/lady/anishoara-login-soobshchila-o-svoei-beremennosti,–ê –Ω–∞—Å —Ä–∞—Ç—å !
https://point.md/ru/novosti/lady/anishoara-login-soobshchila-o-svoei-beremennosti,–ö—Ç–æ –≠–¢–ê????
https://point.md/ru/novosti/lady/anishoara-login-soobshchila-o-svoei-beremennosti,"–ü–æ–∑–¥—Ä–∞–≤–ª—è—é, –∑–¥–æ—Ä–æ–≤–æ–≥–æ –≤–∞–º —Ä–µ–±—ë–Ω–∫–∞!"
https://point.md/ru/novosti/lady/anishoara-login-soobshchila-o-svoei-beremennosti,"–ü—Ä–∏—Å–æ–µ–¥–∏–Ω—è—é—Å—å, –≤—Å–µ–≥–æ –Ω–∞–∏–ª—É—á—à–µ–≥–æ!"
https://point.md/ru/novosti/lady/anishoara-login-soobshchila-o-svoei-beremennosti,–¢–∞–∫ –æ–Ω–∞ –Ω–µ –∑–∞–º—É–∂–µ–º...
https://point.md/ru/novosti/lady/anishoara-login-soobshchila-o-svoei-beremennosti,"–ö–∏—Ä—Ç–æ—Å,–≥—Ä—ã–∑–∏ –ª–æ–∫—Ç–∏))"
https://point.md/ru/novosti/lady/anishoara-login-soobshchila-o-svoei-beremennosti,–°–µ–π—á–∞—Å —Ç–∞–∫ –º–æ–¥–Ω–æ...
https://point.md/ru/novosti/lady/anishoara-login-soobshchila-o-svoei-beremennosti,"–û–æ–æ–æ–æ–æ—á–µ–Ω—å –≤–∞–∂–Ω–∞—è –∏–Ω—Ñ–æ—Ä–º–∞—Ü–∏—è. –ù—É –ø–æ—Ç...–ª–∞—Å—å, –∑–∞–ª–µ—Ç–µ–ª–∞, –±—É–¥–µ—Ç —Ä–æ–∂–∞—Ç—å. –ò —á—Ç–æ?"
https://point.md/ru/novosti/lady/anishoara-login-soobshchila-o-svoei-beremennosti,–ò —à–æ —Ç–µ–ø–µ—Ä—å?
https://point.md/ru/novosti/lady/anishoara-login-soobshchila-o-svoei-beremennosti,–õ–æ–≥–∏–Ω —Å–¥–µ–ª–∞–ª–∞ –î–æ—Ä–∏–Ω–µ–ª—É –ª–æ–≥–∞—É—Ç.
https://point.md/ru/novosti/lady/anishoara-login-soobshchila-o-svoei-beremennosti,"–Ω–ò —Å–∏–π—á–∞—Å –ò–Ω–∏—à–æ–∞—Ä–∞ , –Ω–ò —Å–∏–π—á–∞—Å , –Ω–∞—Ä–æ–¥ –≥–æ–ª–æ—Å—É–ò–µ—Ç ."
https://point.md/ru/novosti/lady/anishoara-login-soobshchila-o-svoei-beremennosti,–¢–∞–∫ –æ–Ω–∞ –µ—â–µ –∏ —Å–µ–ª–µ–¥–∫—É –∫—É—à–∞–µ—Ç?
https://point.md/ru/novosti/lady/anishoara-login-soobshchila-o-svoei-beremennosti,"Login, —Å–æ–æ–±—â–∏—Ç–µ Password ;-)"
https://point.md/ru/novosti/lady/anishoara-login-soobshchila-o-svoei-beremennosti,–æ—á–µ–Ω—å –ø—Ä—è–º –≤–∞–∂–Ω–∞—è –Ω–æ–≤–æ—Å—Ç—å
https://point.md/ru/novosti/lady/anishoara-login-soobshchila-o-svoei-beremennosti,"–ö–∞–∫ —è –ø–æ–Ω–∏–º–∞—é, —Ç–µ–º–∞ —Å—Ç–∞—Ç—å–∏ –≤ —Ç–æ–º, —á—Ç–æ —ç—Ç–æ –±—ã–≤—à–∞—è –∂–µ–Ω–∞ –∫–∏—Ä—Ç–æ—Å–∏–∫–∞. –ò–Ω—ã—Ö –ø—Ä–∏—á–∏–Ω –Ω–µ –≤–∏–∂—É. –°–∫–æ–ª—å–∫–æ –∂–µ–Ω—â–∏–Ω –∑–∞–ª–µ—Ç–µ–ª–æ –∑–∞ —ç—Ç–æ –≤—Ä–µ–º—è, –Ω–æ –ø–∏—à—É—Ç –æ–± —ç—Ç–æ–π –ª–æ–≥–∏–Ω."
https://point.md/ru/novosti/lady/anishoara-login-soobshchila-o-svoei-beremennosti,–∏ –∫–∞–∫ –º–Ω–µ —Å —ç—Ç–∏–º —Ç–µ–ø–µ—Ä—å –∂–∏—Ç—å!!??üò≠üò≠
https://point.md/ru/novosti/lady/anishoara-login-soobshchila-o-svoei-beremennosti,–∞ —É –∫–∏—Ä—Ç–æ–∞–∫–∞ —á–µ–æ? –≤–æ–Ω—è–ª–∞? –∏–ª–∏ –º–∞–ª–µ–Ω—å–∫–∞—è –±—ã–ª–∞ ?..–≤–æ—Ç —Å—É—á–∫–∞
